feature,importance
num_medications|numchange,1.1313816
admission_source_id_7,0.7953538
admission_type_id_3,0.5640211
gender_1,0.39646915
num_medications|num_procedures,0.36922023
number_inpatient_log1p,0.3621078
admission_type_id_5,0.35573986
change|num_medications,0.34429854
discharge_disposition_id_2,0.33437708
number_diagnoses|time_in_hospital,0.31408226
admission_source_id_4,0.26423588
time_in_hospital|num_lab_procedures,0.1780225
level1_diag1_6.0,0.12852772
level1_diag1_5.0,0.11994652
level1_diag1_1.0,0.11007106
number_emergency_log1p,0.09652052
discharge_disposition_id_7,0.0797865
A1Cresult_0,0.07061979
admission_source_id_9,0.069323786
age|number_diagnoses,0.0630305
num_medications|time_in_hospital,0.03163744
A1Cresult_1,0.026878051
level1_diag1_4.0,0.02502812
number_outpatient_log1p,-0.007758516
max_glu_serum_1,-0.008258258
tolazamide,-0.020507498
number_diagnoses,-0.03241091
chlorpropamide,-0.034154028
level1_diag1_8.0,-0.034250572
max_glu_serum_0,-0.053419784
age,-0.05524068
discharge_disposition_id_10,-0.077682205
nateglinide,-0.09727651
discharge_disposition_id_18,-0.10421956
level1_diag1_7.0,-0.11126924
level1_diag1_2.0,-0.117017046
acarbose,-0.124410786
level1_diag1_3.0,-0.13049771
num_medications|num_lab_procedures,-0.15511625
num_medications|number_diagnoses,-0.1754507
glyburide-metformin,-0.1850555
num_medications,-0.19304313
Asian,-0.30750167
repaglinide,-0.3401737
Other,-0.35386294
rosiglitazone,-0.38434023
Hispanic,-0.40843603
time_in_hospital,-0.41076332
num_procedures,-0.41231656
pioglitazone,-0.4531061
glimepiride,-0.46111435
glyburide,-0.55565476
glipizide,-0.6153542
metformin,-0.701253
insulin,-0.70349896
AfricanAmerican,-0.96837515
Caucasian,-1.0910724
