{
  "timestamp": "2024-11-17T07:09:20.614431+00:00",
  "stage": "preprocess",
  "initial_shape": [
    101766,
    48
  ],
  "initial_memory_mb": 213.88120651245117,
  "missing_values": {
    "race": 2273,
    "gender": 0,
    "age": 0,
    "weight": 98569,
    "admission_type_id": 0,
    "discharge_disposition_id": 0,
    "admission_source_id": 0,
    "time_in_hospital": 0,
    "payer_code": 40256,
    "medical_specialty": 49949,
    "num_lab_procedures": 0,
    "num_procedures": 0,
    "num_medications": 0,
    "number_outpatient": 0,
    "number_emergency": 0,
    "number_inpatient": 0,
    "diag_1": 21,
    "diag_2": 358,
    "diag_3": 1423,
    "number_diagnoses": 0,
    "max_glu_serum": 96420,
    "A1Cresult": 84748,
    "metformin": 0,
    "repaglinide": 0,
    "nateglinide": 0,
    "chlorpropamide": 0,
    "glimepiride": 0,
    "acetohexamide": 0,
    "glipizide": 0,
    "glyburide": 0,
    "tolbutamide": 0,
    "pioglitazone": 0,
    "rosiglitazone": 0,
    "acarbose": 0,
    "miglitol": 0,
    "troglitazone": 0,
    "tolazamide": 0,
    "examide": 0,
    "citoglipton": 0,
    "insulin": 0,
    "glyburide-metformin": 0,
    "glipizide-metformin": 0,
    "glimepiride-pioglitazone": 0,
    "metformin-rosiglitazone": 0,
    "metformin-pioglitazone": 0,
    "change": 0,
    "diabetesMed": 0,
    "readmitted": 0
  },
  "missing_values_rate": {
    "race": 2.2335554114340743,
    "gender": 0.0,
    "age": 0.0,
    "weight": 96.85847925633315,
    "admission_type_id": 0.0,
    "discharge_disposition_id": 0.0,
    "admission_source_id": 0.0,
    "time_in_hospital": 0.0,
    "payer_code": 39.5574160328597,
    "medical_specialty": 49.08220820313268,
    "num_lab_procedures": 0.0,
    "num_procedures": 0.0,
    "num_medications": 0.0,
    "number_outpatient": 0.0,
    "number_emergency": 0.0,
    "number_inpatient": 0.0,
    "diag_1": 0.02063557573256294,
    "diag_2": 0.3517874339170253,
    "diag_3": 1.398305917497003,
    "number_diagnoses": 0.0,
    "max_glu_serum": 94.74677200636755,
    "A1Cresult": 83.27732248491637,
    "metformin": 0.0,
    "repaglinide": 0.0,
    "nateglinide": 0.0,
    "chlorpropamide": 0.0,
    "glimepiride": 0.0,
    "acetohexamide": 0.0,
    "glipizide": 0.0,
    "glyburide": 0.0,
    "tolbutamide": 0.0,
    "pioglitazone": 0.0,
    "rosiglitazone": 0.0,
    "acarbose": 0.0,
    "miglitol": 0.0,
    "troglitazone": 0.0,
    "tolazamide": 0.0,
    "examide": 0.0,
    "citoglipton": 0.0,
    "insulin": 0.0,
    "glyburide-metformin": 0.0,
    "glipizide-metformin": 0.0,
    "glimepiride-pioglitazone": 0.0,
    "metformin-rosiglitazone": 0.0,
    "metformin-pioglitazone": 0.0,
    "change": 0.0,
    "diabetesMed": 0.0,
    "readmitted": 0.0
  },
  "dtypes": {
    "race": "object",
    "gender": "object",
    "age": "object",
    "weight": "object",
    "admission_type_id": "int64",
    "discharge_disposition_id": "int64",
    "admission_source_id": "int64",
    "time_in_hospital": "int64",
    "payer_code": "object",
    "medical_specialty": "object",
    "num_lab_procedures": "int64",
    "num_procedures": "int64",
    "num_medications": "int64",
    "number_outpatient": "int64",
    "number_emergency": "int64",
    "number_inpatient": "int64",
    "diag_1": "object",
    "diag_2": "object",
    "diag_3": "object",
    "number_diagnoses": "int64",
    "max_glu_serum": "object",
    "A1Cresult": "object",
    "metformin": "object",
    "repaglinide": "object",
    "nateglinide": "object",
    "chlorpropamide": "object",
    "glimepiride": "object",
    "acetohexamide": "object",
    "glipizide": "object",
    "glyburide": "object",
    "tolbutamide": "object",
    "pioglitazone": "object",
    "rosiglitazone": "object",
    "acarbose": "object",
    "miglitol": "object",
    "troglitazone": "object",
    "tolazamide": "object",
    "examide": "object",
    "citoglipton": "object",
    "insulin": "object",
    "glyburide-metformin": "object",
    "glipizide-metformin": "object",
    "glimepiride-pioglitazone": "object",
    "metformin-rosiglitazone": "object",
    "metformin-pioglitazone": "object",
    "change": "object",
    "diabetesMed": "object",
    "readmitted": "object"
  },
  "unique_values": {
    "race": 5,
    "gender": 3,
    "age": 10,
    "weight": 9,
    "admission_type_id": 8,
    "discharge_disposition_id": 26,
    "admission_source_id": 17,
    "time_in_hospital": 14,
    "payer_code": 17,
    "medical_specialty": 72,
    "num_lab_procedures": 118,
    "num_procedures": 7,
    "num_medications": 75,
    "number_outpatient": 39,
    "number_emergency": 33,
    "number_inpatient": 21,
    "diag_1": 716,
    "diag_2": 748,
    "diag_3": 789,
    "number_diagnoses": 16,
    "max_glu_serum": 3,
    "A1Cresult": 3,
    "metformin": 4,
    "repaglinide": 4,
    "nateglinide": 4,
    "chlorpropamide": 4,
    "glimepiride": 4,
    "acetohexamide": 2,
    "glipizide": 4,
    "glyburide": 4,
    "tolbutamide": 2,
    "pioglitazone": 4,
    "rosiglitazone": 4,
    "acarbose": 4,
    "miglitol": 4,
    "troglitazone": 2,
    "tolazamide": 3,
    "examide": 1,
    "citoglipton": 1,
    "insulin": 4,
    "glyburide-metformin": 4,
    "glipizide-metformin": 2,
    "glimepiride-pioglitazone": 2,
    "metformin-rosiglitazone": 2,
    "metformin-pioglitazone": 2,
    "change": 2,
    "diabetesMed": 2,
    "readmitted": 3
  },
  "column_names": [
    "race",
    "gender",
    "age",
    "weight",
    "admission_type_id",
    "discharge_disposition_id",
    "admission_source_id",
    "time_in_hospital",
    "payer_code",
    "medical_specialty",
    "num_lab_procedures",
    "num_procedures",
    "num_medications",
    "number_outpatient",
    "number_emergency",
    "number_inpatient",
    "diag_1",
    "diag_2",
    "diag_3",
    "number_diagnoses",
    "max_glu_serum",
    "A1Cresult",
    "metformin",
    "repaglinide",
    "nateglinide",
    "chlorpropamide",
    "glimepiride",
    "acetohexamide",
    "glipizide",
    "glyburide",
    "tolbutamide",
    "pioglitazone",
    "rosiglitazone",
    "acarbose",
    "miglitol",
    "troglitazone",
    "tolazamide",
    "examide",
    "citoglipton",
    "insulin",
    "glyburide-metformin",
    "glipizide-metformin",
    "glimepiride-pioglitazone",
    "metformin-rosiglitazone",
    "metformin-pioglitazone",
    "change",
    "diabetesMed",
    "readmitted"
  ],
  "five_number_summary": {
    "admission_type_id": {
      "count": 101766.0,
      "mean": 2.024006053102215,
      "std": 1.4454028297561206,
      "min": 1.0,
      "25%": 1.0,
      "50%": 1.0,
      "75%": 3.0,
      "max": 8.0
    },
    "discharge_disposition_id": {
      "count": 101766.0,
      "mean": 3.7156417664052825,
      "std": 5.280165509299271,
      "min": 1.0,
      "25%": 1.0,
      "50%": 1.0,
      "75%": 4.0,
      "max": 28.0
    },
    "admission_source_id": {
      "count": 101766.0,
      "mean": 5.754436648782501,
      "std": 4.0640808342838985,
      "min": 1.0,
      "25%": 1.0,
      "50%": 7.0,
      "75%": 7.0,
      "max": 25.0
    },
    "time_in_hospital": {
      "count": 101766.0,
      "mean": 4.395986871843248,
      "std": 2.985107767471267,
      "min": 1.0,
      "25%": 2.0,
      "50%": 4.0,
      "75%": 6.0,
      "max": 14.0
    },
    "num_lab_procedures": {
      "count": 101766.0,
      "mean": 43.09564098028811,
      "std": 19.674362249142124,
      "min": 1.0,
      "25%": 31.0,
      "50%": 44.0,
      "75%": 57.0,
      "max": 132.0
    },
    "num_procedures": {
      "count": 101766.0,
      "mean": 1.339730361810428,
      "std": 1.705806979121159,
      "min": 0.0,
      "25%": 0.0,
      "50%": 1.0,
      "75%": 2.0,
      "max": 6.0
    },
    "num_medications": {
      "count": 101766.0,
      "mean": 16.021844230882614,
      "std": 8.127566209167284,
      "min": 1.0,
      "25%": 10.0,
      "50%": 15.0,
      "75%": 20.0,
      "max": 81.0
    },
    "number_outpatient": {
      "count": 101766.0,
      "mean": 0.36935715268360747,
      "std": 1.267265096532678,
      "min": 0.0,
      "25%": 0.0,
      "50%": 0.0,
      "75%": 0.0,
      "max": 42.0
    },
    "number_emergency": {
      "count": 101766.0,
      "mean": 0.19783621248747127,
      "std": 0.9304722684224636,
      "min": 0.0,
      "25%": 0.0,
      "50%": 0.0,
      "75%": 0.0,
      "max": 76.0
    },
    "number_inpatient": {
      "count": 101766.0,
      "mean": 0.635565906098304,
      "std": 1.2628632900973236,
      "min": 0.0,
      "25%": 0.0,
      "50%": 0.0,
      "75%": 1.0,
      "max": 21.0
    },
    "number_diagnoses": {
      "count": 101766.0,
      "mean": 7.422606764538254,
      "std": 1.9336001449974287,
      "min": 1.0,
      "25%": 6.0,
      "50%": 8.0,
      "75%": 9.0,
      "max": 16.0
    }
  },
  "high_missing_features_dropped": {
    "weight": 98569,
    "examide": 0,
    "citoglipton": 0
  },
  "medical_specialty_distribution": {
    "Unknown Specialty": 49949,
    "InternalMedicine": 14635,
    "Emergency/Trauma": 7565,
    "Family/GeneralPractice": 7440,
    "Cardiology": 5352,
    "Surgery-General": 3099,
    "Nephrology": 1613,
    "Orthopedics": 1400,
    "Orthopedics-Reconstructive": 1233,
    "Radiologist": 1140,
    "Pulmonology": 871,
    "Psychiatry": 854,
    "Urology": 685,
    "ObstetricsandGynecology": 671,
    "Surgery-Cardiovascular/Thoracic": 652,
    "Gastroenterology": 564,
    "Surgery-Vascular": 533,
    "Surgery-Neuro": 468,
    "PhysicalMedicineandRehabilitation": 391,
    "Oncology": 348,
    "Pediatrics": 254,
    "Hematology/Oncology": 207,
    "Neurology": 203,
    "Pediatrics-Endocrinology": 159,
    "Otolaryngology": 125,
    "Endocrinology": 120,
    "Surgery-Thoracic": 109,
    "Psychology": 101,
    "Podiatry": 100,
    "Surgery-Cardiovascular": 98,
    "Pediatrics-CriticalCare": 87,
    "Hematology": 82,
    "Gynecology": 58,
    "Hospitalist": 57,
    "Radiology": 53,
    "Surgeon": 45,
    "Surgery-Plastic": 41,
    "Osteopath": 39,
    "Ophthalmology": 38,
    "InfectiousDiseases": 37,
    "SurgicalSpecialty": 33,
    "Pediatrics-Pulmonology": 25,
    "Obsterics&Gynecology-GynecologicOnco": 25,
    "Obstetrics": 19,
    "Anesthesiology-Pediatric": 19,
    "Rheumatology": 17,
    "Pathology": 17,
    "OutreachServices": 12,
    "Anesthesiology": 12,
    "Surgery-Maxillofacial": 11,
    "PhysicianNotFound": 11,
    "Surgery-Colon&Rectal": 11,
    "Pediatrics-Neurology": 10,
    "Surgery-Pediatric": 8,
    "Endocrinology-Metabolism": 8,
    "AllergyandImmunology": 7,
    "Psychiatry-Child/Adolescent": 7,
    "Cardiology-Pediatric": 7,
    "DCPTEAM": 6,
    "Pediatrics-Hematology-Oncology": 4,
    "Dentistry": 4,
    "Pediatrics-AllergyandImmunology": 3,
    "Pediatrics-EmergencyMedicine": 3,
    "Resident": 2,
    "Surgery-PlasticwithinHeadandNeck": 1,
    "Psychiatry-Addictive": 1,
    "Pediatrics-InfectiousDiseases": 1,
    "Dermatology": 1,
    "Proctology": 1,
    "Speech": 1,
    "SportsMedicine": 1,
    "Perinatology": 1,
    "Neurophysiology": 1
  },
  "payer_code_distribution": {
    "Unknown Payer": 40256,
    "MC": 32439,
    "HM": 6274,
    "SP": 5007,
    "BC": 4655,
    "MD": 3532,
    "CP": 2533,
    "UN": 2448,
    "CM": 1937,
    "OG": 1033,
    "PO": 592,
    "DM": 549,
    "CH": 146,
    "WC": 135,
    "OT": 95,
    "MP": 79,
    "SI": 55,
    "FR": 1
  },
  "target_balance": {
    "0": 0.885262219272961,
    "1": 0.11473778072703897
  },
  "final_shape": [
    96446,
    46
  ],
  "final_memory_mb": 188.20676136016846,
  "post_cleaning_missing_values": {
    "race": 0,
    "gender": 0,
    "age": 0,
    "admission_type_id": 0,
    "discharge_disposition_id": 0,
    "admission_source_id": 0,
    "time_in_hospital": 0,
    "payer_code": 0,
    "medical_specialty": 0,
    "num_lab_procedures": 0,
    "num_procedures": 0,
    "num_medications": 0,
    "number_outpatient": 0,
    "number_emergency": 0,
    "number_inpatient": 0,
    "diag_1": 0,
    "diag_2": 0,
    "diag_3": 0,
    "number_diagnoses": 0,
    "max_glu_serum": 91357,
    "A1Cresult": 80393,
    "metformin": 0,
    "repaglinide": 0,
    "nateglinide": 0,
    "chlorpropamide": 0,
    "glimepiride": 0,
    "acetohexamide": 0,
    "glipizide": 0,
    "glyburide": 0,
    "tolbutamide": 0,
    "pioglitazone": 0,
    "rosiglitazone": 0,
    "acarbose": 0,
    "miglitol": 0,
    "troglitazone": 0,
    "tolazamide": 0,
    "insulin": 0,
    "glyburide-metformin": 0,
    "glipizide-metformin": 0,
    "glimepiride-pioglitazone": 0,
    "metformin-rosiglitazone": 0,
    "metformin-pioglitazone": 0,
    "change": 0,
    "diabetesMed": 0,
    "readmitted": 0,
    "id": 0
  },
  "post_cleaning_missing_rate": {
    "race": 0.0,
    "gender": 0.0,
    "age": 0.0,
    "admission_type_id": 0.0,
    "discharge_disposition_id": 0.0,
    "admission_source_id": 0.0,
    "time_in_hospital": 0.0,
    "payer_code": 0.0,
    "medical_specialty": 0.0,
    "num_lab_procedures": 0.0,
    "num_procedures": 0.0,
    "num_medications": 0.0,
    "number_outpatient": 0.0,
    "number_emergency": 0.0,
    "number_inpatient": 0.0,
    "diag_1": 0.0,
    "diag_2": 0.0,
    "diag_3": 0.0,
    "number_diagnoses": 0.0,
    "max_glu_serum": 94.72347220206126,
    "A1Cresult": 83.35545279223608,
    "metformin": 0.0,
    "repaglinide": 0.0,
    "nateglinide": 0.0,
    "chlorpropamide": 0.0,
    "glimepiride": 0.0,
    "acetohexamide": 0.0,
    "glipizide": 0.0,
    "glyburide": 0.0,
    "tolbutamide": 0.0,
    "pioglitazone": 0.0,
    "rosiglitazone": 0.0,
    "acarbose": 0.0,
    "miglitol": 0.0,
    "troglitazone": 0.0,
    "tolazamide": 0.0,
    "insulin": 0.0,
    "glyburide-metformin": 0.0,
    "glipizide-metformin": 0.0,
    "glimepiride-pioglitazone": 0.0,
    "metformin-rosiglitazone": 0.0,
    "metformin-pioglitazone": 0.0,
    "change": 0.0,
    "diabetesMed": 0.0,
    "readmitted": 0.0,
    "id": 0.0
  },
  "final_dtypes": {
    "race": "object",
    "gender": "object",
    "age": "object",
    "admission_type_id": "int64",
    "discharge_disposition_id": "int64",
    "admission_source_id": "int64",
    "time_in_hospital": "int64",
    "payer_code": "object",
    "medical_specialty": "object",
    "num_lab_procedures": "int64",
    "num_procedures": "int64",
    "num_medications": "float64",
    "number_outpatient": "int64",
    "number_emergency": "int64",
    "number_inpatient": "float64",
    "diag_1": "object",
    "diag_2": "object",
    "diag_3": "object",
    "number_diagnoses": "float64",
    "max_glu_serum": "object",
    "A1Cresult": "object",
    "metformin": "object",
    "repaglinide": "object",
    "nateglinide": "object",
    "chlorpropamide": "object",
    "glimepiride": "object",
    "acetohexamide": "object",
    "glipizide": "object",
    "glyburide": "object",
    "tolbutamide": "object",
    "pioglitazone": "object",
    "rosiglitazone": "object",
    "acarbose": "object",
    "miglitol": "object",
    "troglitazone": "object",
    "tolazamide": "object",
    "insulin": "object",
    "glyburide-metformin": "object",
    "glipizide-metformin": "object",
    "glimepiride-pioglitazone": "object",
    "metformin-rosiglitazone": "object",
    "metformin-pioglitazone": "object",
    "change": "object",
    "diabetesMed": "object",
    "readmitted": "int64",
    "id": "int64"
  },
  "target_distribution": {
    "0": 0.885262219272961,
    "1": 0.11473778072703897
  }
}