{
  "system": "Linux",
  "version": "1.1.1",
  "lite": false,
  "py_version": "3.9",
  "py_version_micro": "3.9.20",
  "packages": {
    "markdown": "3.7",
    "markupsafe": "3.0.2",
    "pysocks": "1.7.1",
    "pyyaml": "6.0.2",
    "absl-py": "2.1.0",
    "accelerate": "0.21.0",
    "aiohappyeyeballs": "2.4.3",
    "aiohttp": "3.10.10",
    "aiohttp-cors": "0.7.0",
    "aiosignal": "1.3.1",
    "annotated-types": "0.7.0",
    "antlr4-python3-runtime": "4.9.3",
    "async-timeout": "4.0.3",
    "attrs": "24.2.0",
    "autogluon": "1.1.1",
    "autogluon.common": "1.1.1",
    "autogluon.core": "1.1.1",
    "autogluon.features": "1.1.1",
    "autogluon.multimodal": "1.1.1",
    "autogluon.tabular": "1.1.1",
    "autogluon.timeseries": "1.1.1",
    "beautifulsoup4": "4.12.3",
    "blis": "0.7.11",
    "boto3": "1.35.36",
    "botocore": "1.35.36",
    "cachetools": "5.5.0",
    "catalogue": "2.0.10",
    "catboost": "1.2.7",
    "certifi": "2024.8.30",
    "charset-normalizer": "3.4.0",
    "click": "8.1.7",
    "cloudpathlib": "0.20.0",
    "cloudpickle": "3.1.0",
    "colorama": "0.4.6",
    "coloredlogs": "15.0.1",
    "colorful": "0.5.6",
    "confection": "0.1.5",
    "contourpy": "1.3.0",
    "cycler": "0.12.1",
    "cymem": "2.0.8",
    "datasets": "2.14.4",
    "defusedxml": "0.7.1",
    "dill": "0.3.7",
    "distlib": "0.3.9",
    "evaluate": "0.4.3",
    "fastai": "2.7.18",
    "fastcore": "1.7.20",
    "fastdownload": "0.0.7",
    "fastprogress": "1.0.3",
    "filelock": "3.16.1",
    "flatbuffers": "24.3.25",
    "fonttools": "4.55.0",
    "frozenlist": "1.5.0",
    "fsspec": "2024.10.0",
    "future": "1.0.0",
    "gdown": "5.2.0",
    "gluonts": "0.15.1",
    "google-api-core": "2.23.0",
    "google-auth": "2.36.0",
    "googleapis-common-protos": "1.66.0",
    "graphviz": "0.20.3",
    "grpcio": "1.68.0",
    "huggingface-hub": "0.26.2",
    "humanfriendly": "10.0",
    "hyperopt": "0.2.7",
    "idna": "3.10",
    "imageio": "2.36.0",
    "importlib-metadata": "8.5.0",
    "importlib-resources": "6.4.5",
    "jinja2": "3.1.4",
    "jmespath": "1.0.1",
    "joblib": "1.4.2",
    "jsonschema": "4.21.1",
    "jsonschema-specifications": "2024.10.1",
    "kiwisolver": "1.4.7",
    "langcodes": "3.4.1",
    "language-data": "1.2.0",
    "lightgbm": "4.3.0",
    "lightning": "2.3.3",
    "lightning-utilities": "0.11.8",
    "llvmlite": "0.43.0",
    "marisa-trie": "1.2.1",
    "markdown-it-py": "3.0.0",
    "matplotlib": "3.9.2",
    "mdurl": "0.1.2",
    "mlforecast": "0.10.0",
    "model-index": "0.1.11",
    "mpmath": "1.3.0",
    "msgpack": "1.1.0",
    "multidict": "6.1.0",
    "multiprocess": "0.70.15",
    "murmurhash": "1.0.10",
    "networkx": "3.1",
    "nlpaug": "1.1.11",
    "nltk": "3.9.1",
    "nptyping": "2.4.1",
    "numba": "0.60.0",
    "numpy": "1.26.4",
    "nvidia-cublas-cu12": "12.1.3.1",
    "nvidia-cuda-cupti-cu12": "12.1.105",
    "nvidia-cuda-nvrtc-cu12": "12.1.105",
    "nvidia-cuda-runtime-cu12": "12.1.105",
    "nvidia-cudnn-cu12": "8.9.2.26",
    "nvidia-cufft-cu12": "11.0.2.54",
    "nvidia-curand-cu12": "10.3.2.106",
    "nvidia-cusolver-cu12": "11.4.5.107",
    "nvidia-cusparse-cu12": "12.1.0.106",
    "nvidia-ml-py3": "7.352.0",
    "nvidia-nccl-cu12": "2.20.5",
    "nvidia-nvjitlink-cu12": "12.6.77",
    "nvidia-nvtx-cu12": "12.1.105",
    "omegaconf": "2.2.3",
    "onnx": "1.17.0",
    "onnxruntime": "1.19.2",
    "opencensus": "0.11.4",
    "opencensus-context": "0.1.3",
    "opendatalab": "0.0.10",
    "openmim": "0.3.9",
    "openxlab": "0.0.11",
    "optimum": "1.17.1",
    "ordered-set": "4.1.0",
    "orjson": "3.10.11",
    "packaging": "24.1",
    "pandas": "2.2.3",
    "patsy": "1.0.1",
    "pdf2image": "1.17.0",
    "pillow": "10.4.0",
    "pip": "24.3.1",
    "platformdirs": "3.11.0",
    "plotly": "5.24.1",
    "preshed": "3.0.9",
    "prometheus-client": "0.21.0",
    "propcache": "0.2.0",
    "proto-plus": "1.25.0",
    "protobuf": "5.28.3",
    "psutil": "5.9.8",
    "py4j": "0.10.9.7",
    "py-spy": "0.4.0",
    "pyarrow": "18.0.0",
    "pyasn1": "0.6.1",
    "pyasn1-modules": "0.4.1",
    "pycryptodome": "3.21.0",
    "pydantic": "2.9.2",
    "pydantic-core": "2.23.4",
    "pygments": "2.18.0",
    "pyparsing": "3.1.4",
    "pytesseract": "0.3.10",
    "python-dateutil": "2.9.0.post0",
    "pytorch-lightning": "2.3.3",
    "pytorch-metric-learning": "2.3.0",
    "pytz": "2024.2",
    "pywavelets": "1.6.0",
    "ray": "2.10.0",
    "referencing": "0.35.1",
    "regex": "2024.11.6",
    "requests": "2.32.3",
    "rich": "13.9.4",
    "rpds-py": "0.21.0",
    "rsa": "4.9",
    "s3transfer": "0.10.3",
    "safetensors": "0.4.5",
    "scikit-image": "0.19.3",
    "scikit-learn": "1.4.0",
    "scipy": "1.12.0",
    "sentencepiece": "0.2.0",
    "seqeval": "1.2.2",
    "setuptools": "75.3.0",
    "shellingham": "1.5.4",
    "six": "1.16.0",
    "smart-open": "7.0.5",
    "soupsieve": "2.6",
    "spacy": "3.7.5",
    "spacy-legacy": "3.0.12",
    "spacy-loggers": "1.0.5",
    "srsly": "2.4.8",
    "statsforecast": "1.4.0",
    "statsmodels": "0.14.4",
    "sympy": "1.13.3",
    "tabulate": "0.9.0",
    "tenacity": "9.0.0",
    "tensorboard": "2.18.0",
    "tensorboardx": "2.6.2.2",
    "tensorboard-data-server": "0.7.2",
    "text-unidecode": "1.3",
    "thinc": "8.2.5",
    "threadpoolctl": "3.5.0",
    "tifffile": "2024.8.30",
    "timm": "0.9.16",
    "tokenizers": "0.19.1",
    "toolz": "0.12.1",
    "torch": "2.3.1",
    "torchmetrics": "1.2.1",
    "torchvision": "0.18.1",
    "tqdm": "4.66.6",
    "transformers": "4.40.2",
    "triton": "2.3.1",
    "typer": "0.12.5",
    "typing-extensions": "4.12.2",
    "tzdata": "2024.2",
    "urllib3": "1.26.20",
    "utilsforecast": "0.0.10",
    "virtualenv": "20.27.1",
    "wasabi": "1.1.3",
    "weasel": "0.4.1",
    "werkzeug": "3.1.3",
    "window-ops": "0.0.15",
    "wrapt": "1.16.0",
    "xgboost": "2.0.3",
    "xxhash": "3.5.0",
    "yarl": "1.15.2",
    "zipp": "3.20.2",
    "gitpython": "3.1.43",
    "aiobotocore": "2.15.2",
    "aiohttp-retry": "2.9.0",
    "aioitertools": "0.12.0",
    "amqp": "5.2.0",
    "appdirs": "1.4.4",
    "asyncssh": "2.18.0",
    "atpublic": "5.0",
    "billiard": "4.2.1",
    "celery": "5.4.0",
    "cffi": "1.17.1",
    "click-didyoumean": "0.3.1",
    "click-plugins": "1.1.1",
    "click-repl": "0.3.0",
    "configobj": "5.0.9",
    "cryptography": "43.0.3",
    "dictdiffer": "0.9.0",
    "diskcache": "5.6.3",
    "distro": "1.9.0",
    "dpath": "2.2.0",
    "dulwich": "0.22.4",
    "dvc": "3.42.0",
    "dvc-data": "3.8.0",
    "dvc-http": "2.32.0",
    "dvc-objects": "3.0.6",
    "dvc-render": "1.0.1",
    "dvc-s3": "3.0.1",
    "dvc-studio-client": "0.20.0",
    "dvc-task": "0.40.2",
    "dvclive": "3.48.0",
    "entrypoints": "0.4",
    "flatten-dict": "0.4.2",
    "flufl.lock": "7.1.1",
    "funcy": "2.0",
    "gitdb": "4.0.11",
    "grandalf": "0.8",
    "gto": "1.6.2",
    "hydra-core": "1.3.2",
    "imbalanced-learn": "0.12.4",
    "iterative-telemetry": "0.0.9",
    "kombu": "5.4.2",
    "loguru": "0.7.2",
    "pathspec": "0.12.1",
    "pipeline": "0.1.0",
    "prompt-toolkit": "3.0.48",
    "pycparser": "2.22",
    "pydot": "3.0.2",
    "pygit2": "1.13.3",
    "pygtrie": "2.5.0",
    "pynvml": "11.5.3",
    "python-dotenv": "1.0.1",
    "ruamel.yaml": "0.18.6",
    "ruamel.yaml.clib": "0.2.8",
    "s3fs": "2024.10.0",
    "scmrepo": "2.0.4",
    "seaborn": "0.13.2",
    "semver": "3.0.2",
    "shap": "0.46.0",
    "shortuuid": "1.0.13",
    "shtab": "1.7.1",
    "slicer": "0.0.8",
    "smmap": "5.0.1",
    "sqltrie": "0.11.1",
    "tomlkit": "0.13.2",
    "uv": "0.4.29",
    "vine": "5.1.0",
    "voluptuous": "0.14.2",
    "wcwidth": "0.2.13",
    "zc.lockfile": "3.0.post1",
    "autocommand": "2.2.2",
    "backports.tarfile": "1.2.0",
    "inflect": "7.3.1",
    "jaraco.collections": "5.1.0",
    "jaraco.context": "5.3.0",
    "jaraco.functools": "4.0.1",
    "jaraco.text": "3.12.1",
    "more-itertools": "10.3.0",
    "tomli": "2.0.1",
    "typeguard": "4.3.0",
    "wheel": "0.43.0"
  }
}