,0
gender,0.0013486573045709814
age,0.013066075035383356
admission_type_id,0.00405424965481595
discharge_disposition_id,0.08422891275044007
admission_source_id,0.012919912534593157
time_in_hospital,0.053587892913383
num_lab_procedures,0.01856266555794564
num_procedures,0.006401965449569805
num_medications,0.036530458057807066
number_outpatient,0.0
number_emergency,0.0
number_inpatient,0.14851949232957729
number_diagnoses,0.06698629163774147
max_glu_serum,0.0
a1cresult,0.0
metformin,0.0
repaglinide,0.0
nateglinide,0.0
chlorpropamide,0.0
glimepiride,0.0
acetohexamide,0.0
glipizide,0.0
glyburide,0.0
tolbutamide,0.0
pioglitazone,0.0
rosiglitazone,0.0
acarbose,0.0
miglitol,0.0
troglitazone,0.0
tolazamide,0.0
insulin,0.02291824049586021
glyburide-metformin,0.0
glipizide-metformin,0.0
glimepiride-pioglitazone,0.0
metformin-rosiglitazone,0.0
metformin-pioglitazone,0.0
change,0.008463550953091927
diabetesmed,0.0
id,0.0062355893934069205
level1_diag1,0.007707265966758624
level1_diag2,0.005467584154548119
level1_diag3,0.012328987463447329
service_utilization,0.1562119220072442
race_Asian,0.00028988104595456516
race_Caucasian,0.0010738352624695077
race_Hispanic,0.00034742735397738227
race_Other,0.0005132464533261291
diag_1_11,0.0
diag_1_110,0.0
diag_1_112,4.189063163607284e-05
diag_1_114,0.0
diag_1_115,0.0
diag_1_117,0.0
diag_1_131,0.0
diag_1_133,0.0
diag_1_135,3.1330390094601377e-07
diag_1_136,0.0
diag_1_141,0.0
diag_1_142,1.3695431049285817e-06
diag_1_143,0.0
diag_1_145,0.0
diag_1_146,0.0
diag_1_147,0.0
diag_1_148,0.0
diag_1_149,0.0
diag_1_150,7.671478959325577e-05
diag_1_151,1.093331118415975e-06
diag_1_152,0.0
diag_1_153,0.0002329600980800329
diag_1_154,7.016735662618398e-07
diag_1_155,5.569590348416968e-05
diag_1_156,0.0
diag_1_157,8.567404898153379e-05
diag_1_158,0.0
diag_1_160,0.0
diag_1_161,0.0
diag_1_162,9.914598307462136e-05
diag_1_163,0.0
diag_1_164,0.0
diag_1_170,0.0
diag_1_171,0.0
diag_1_172,0.0
diag_1_173,0.0
diag_1_174,0.00014239709370720874
diag_1_175,0.0
diag_1_179,0.0
diag_1_180,0.0
diag_1_182,9.392484297654251e-05
diag_1_183,8.429132887562155e-06
diag_1_184,0.0
diag_1_185,0.0005457839978042521
diag_1_187,0.0
diag_1_188,0.0002630620723505894
diag_1_189,7.723597462754192e-05
diag_1_191,3.056849523201309e-05
diag_1_192,0.0
diag_1_193,5.129090303387233e-05
diag_1_194,0.0
diag_1_195,0.0
diag_1_196,2.1795517304771143e-05
diag_1_197,0.00015348220838328448
diag_1_198,0.00014726016743747369
diag_1_199,2.6718745648803483e-06
diag_1_200,0.0
diag_1_201,1.3345505540310851e-06
diag_1_202,6.0962847450385455e-06
diag_1_203,0.0
diag_1_204,0.0
diag_1_205,0.0
diag_1_207,0.0
diag_1_208,0.0
diag_1_210,1.464339651170124e-06
diag_1_211,0.0003368588975581036
diag_1_212,0.0
diag_1_214,0.0
diag_1_215,0.0
diag_1_216,0.0
diag_1_217,0.0
diag_1_218,0.0007281110790185404
diag_1_219,0.0
diag_1_220,5.533407740361152e-05
diag_1_223,0.0
diag_1_225,2.830735867623217e-06
diag_1_226,0.0
diag_1_227,6.502515715726436e-05
diag_1_228,4.042509377054073e-07
diag_1_229,0.0
diag_1_23,0.0
diag_1_230,0.0
diag_1_233,6.180807115508036e-06
diag_1_235,3.33535736904408e-05
diag_1_236,0.0
diag_1_237,7.763815008345768e-08
diag_1_238,2.121578201614095e-05
diag_1_239,8.818319771710384e-07
diag_1_240,4.143313679370444e-06
diag_1_241,0.00020462936993869077
diag_1_242,5.70252361425425e-09
diag_1_244,0.0
diag_1_245,3.8084427189694296e-06
diag_1_246,4.964330792565909e-07
diag_1_250,0.0005700834700507921
diag_1_250.01,0.0002031335205721652
diag_1_250.02,0.000756662295938239
diag_1_250.03,0.0004725046822569296
diag_1_250.1,7.707718218989847e-05
diag_1_250.11,0.00025131506029300117
diag_1_250.12,6.747847469224233e-05
diag_1_250.13,0.00026286605511737903
diag_1_250.2,6.246248313412725e-05
diag_1_250.21,1.953000937113459e-05
diag_1_250.22,0.0002815712743346407
diag_1_250.23,2.0480990873347738e-06
diag_1_250.3,9.944580118077152e-06
diag_1_250.31,7.136879941125696e-06
diag_1_250.32,0.0
diag_1_250.33,0.0
diag_1_250.4,2.4752252949026623e-05
diag_1_250.41,1.807128171048951e-05
diag_1_250.42,1.557031732874168e-05
diag_1_250.43,1.8617194262207128e-08
diag_1_250.5,0.0
diag_1_250.51,0.0
diag_1_250.52,0.0
diag_1_250.53,0.0
diag_1_250.6,0.002172737830601368
diag_1_250.7,0.0014362953847589068
diag_1_250.8,0.0002952947466862075
diag_1_250.81,1.1903616656782098e-05
diag_1_250.82,4.5900596668135335e-05
diag_1_250.83,9.418510514039549e-05
diag_1_250.9,2.9038823940274266e-06
diag_1_250.91,1.6733687351881755e-06
diag_1_250.92,1.714913715934671e-07
diag_1_250.93,6.5930094624244135e-06
diag_1_251,0.0
diag_1_252,0.0
diag_1_253,0.0
diag_1_255,3.036411153130134e-06
diag_1_261,0.0
diag_1_262,0.0
diag_1_263,0.0
diag_1_266,0.0
diag_1_27,0.0
diag_1_271,0.0
diag_1_272,0.0
diag_1_273,0.0
diag_1_274,2.6313577151014274e-05
diag_1_275,6.750386028250725e-06
diag_1_276,0.0003604460305580116
diag_1_277,1.3218245269971994e-06
diag_1_278,0.0019398662412403239
diag_1_279,0.0
diag_1_280,9.676993904439962e-05
diag_1_281,1.2018579815197672e-06
diag_1_282,2.06434506724185e-05
diag_1_283,0.0
diag_1_284,2.618919840375478e-05
diag_1_285,2.1947852717644557e-05
diag_1_286,3.7976040714776596e-06
diag_1_287,3.1148340140654196e-05
diag_1_288,0.0
diag_1_289,0.0
diag_1_290,1.3667709687833633e-05
diag_1_291,2.041080170863783e-05
diag_1_292,0.0
diag_1_293,3.919004954531205e-05
diag_1_294,1.6556887157474275e-05
diag_1_295,0.000382524025308337
diag_1_296,0.00010589777803391169
diag_1_297,0.0
diag_1_298,1.3598848452916276e-06
diag_1_299,0.0
diag_1_3,0.0
diag_1_300,6.503968382036141e-06
diag_1_301,0.0
diag_1_303,2.2376636316361158e-05
diag_1_304,0.0
diag_1_305,2.0466514433535617e-06
diag_1_306,2.5170418892103006e-05
diag_1_307,2.403613169579338e-06
diag_1_308,0.0
diag_1_309,1.459255214555971e-05
diag_1_31,0.0
diag_1_310,5.682429208593833e-19
diag_1_311,3.3301315413082116e-06
diag_1_312,2.2341069845716404e-05
diag_1_314,0.0
diag_1_318,0.0
diag_1_320,0.0
diag_1_322,0.0
diag_1_323,0.0
diag_1_324,0.0
diag_1_325,0.0
diag_1_327,3.0220647422375136e-06
diag_1_331,2.088396271020675e-05
diag_1_332,0.0
diag_1_333,5.05203222064249e-06
diag_1_334,0.0
diag_1_335,0.0
diag_1_336,0.0
diag_1_337,0.0
diag_1_338,8.584531514537194e-08
diag_1_34,0.0
diag_1_340,7.034837877489238e-06
diag_1_341,1.4701473283157264e-07
diag_1_342,0.0
diag_1_344,0.0
diag_1_345,2.820616065642923e-05
diag_1_346,8.044570882540677e-05
diag_1_347,0.0
diag_1_348,4.170728408504451e-05
diag_1_349,0.0
diag_1_35,1.5010499143361314e-06
diag_1_350,0.0
diag_1_351,1.5388532742059102e-06
diag_1_352,0.0
diag_1_353,6.62675381518893e-08
diag_1_354,8.67012235334887e-07
diag_1_355,0.0
diag_1_356,0.0
diag_1_357,0.0
diag_1_358,0.0
diag_1_359,0.0
diag_1_36,0.0
diag_1_360,0.0
diag_1_361,0.0
diag_1_362,1.6385311567031993e-06
diag_1_363,0.0
diag_1_365,0.0
diag_1_366,0.0
diag_1_368,0.0
diag_1_369,0.0
diag_1_370,0.0
diag_1_372,0.0
diag_1_373,0.0
diag_1_374,0.0
diag_1_375,0.0
diag_1_376,1.4029124914153278e-06
diag_1_377,8.927918738897647e-09
diag_1_378,0.0
diag_1_379,2.7904816710812964e-06
diag_1_38,0.00021551887446994743
diag_1_380,7.852593801032665e-07
diag_1_381,0.0
diag_1_382,0.0
diag_1_383,0.0
diag_1_384,0.0
diag_1_385,0.0
diag_1_386,0.0008981454196083678
diag_1_388,3.20799403054149e-07
diag_1_389,0.0
diag_1_39,0.0
diag_1_391,0.0
diag_1_394,2.029735895793199e-06
diag_1_395,0.0
diag_1_396,5.092284662335661e-06
diag_1_397,6.635108397184001e-07
diag_1_398,0.0
diag_1_401,0.00012742463582429917
diag_1_402,4.9363829794823005e-05
diag_1_403,4.4988330650747224e-05
diag_1_404,0.00014460952227195225
diag_1_405,0.0
diag_1_41,2.8652654956405888e-06
diag_1_410,0.0006793930678513188
diag_1_411,0.00037689040203753326
diag_1_412,0.0
diag_1_413,5.308194783635994e-06
diag_1_414,0.01657050316039032
diag_1_415,6.23944221416622e-05
diag_1_416,3.732874130059796e-05
diag_1_417,0.0
diag_1_42,4.112930561429402e-05
diag_1_420,1.188641530671365e-05
diag_1_421,0.0
diag_1_422,0.0
diag_1_423,7.586529459852911e-07
diag_1_424,4.1791970655482945e-05
diag_1_425,4.832109192537284e-05
diag_1_426,7.338444170882376e-05
diag_1_427,0.0014550284567684674
diag_1_428,0.010055964485780767
diag_1_429,4.005971138332155e-06
diag_1_430,0.0
diag_1_431,4.168245722388566e-06
diag_1_432,0.0
diag_1_433,0.0011221383887418006
diag_1_434,0.003338069940007949
diag_1_435,0.0013873757632061115
diag_1_436,5.240835478152566e-05
diag_1_437,1.4094392382593456e-06
diag_1_438,5.8061572669373136e-05
diag_1_440,0.0001757427255877209
diag_1_441,3.950851206922134e-05
diag_1_442,1.137703943955109e-06
diag_1_443,4.401355025445312e-06
diag_1_444,2.0089779708294468e-05
diag_1_445,0.0
diag_1_446,1.5450895544184665e-06
diag_1_447,9.728952806870435e-05
diag_1_448,0.0
diag_1_451,9.187625205983398e-06
diag_1_452,0.0
diag_1_453,0.00014457254858717434
diag_1_454,0.0
diag_1_455,5.55019215672573e-05
diag_1_456,0.0
diag_1_457,0.0
diag_1_458,0.00014061842746170377
diag_1_459,4.328368944481292e-05
diag_1_461,0.0
diag_1_462,0.0
diag_1_463,0.0
diag_1_464,1.0544134800224659e-06
diag_1_465,7.163288595030662e-06
diag_1_466,5.132416827809184e-05
diag_1_47,0.0
diag_1_470,0.0
diag_1_471,0.0
diag_1_473,2.2257614625718607e-05
diag_1_474,0.0
diag_1_475,0.0
diag_1_477,0.0
diag_1_478,0.0
diag_1_48,0.0
diag_1_480,2.9263771380944695e-06
diag_1_481,2.4625409649810887e-06
diag_1_482,1.4686957191418319e-05
diag_1_483,1.2780027508510537e-06
diag_1_485,0.0
diag_1_486,0.0004401988905303663
diag_1_487,2.5413861216508314e-05
diag_1_49,0.0
diag_1_490,8.610578116962475e-06
diag_1_491,0.0003939445224288009
diag_1_492,6.893298299342457e-19
diag_1_493,0.0005349734076812503
diag_1_494,1.8135356657466212e-06
diag_1_495,0.0
diag_1_496,4.2097556698903894e-05
diag_1_5,0.0
diag_1_500,0.0
diag_1_501,0.0
diag_1_506,0.0
diag_1_507,0.0007896089358644564
diag_1_508,0.0
diag_1_510,0.0
diag_1_511,5.267971476416064e-05
diag_1_512,7.967222612936912e-06
diag_1_513,0.0
diag_1_514,2.5455026405097964e-06
diag_1_515,4.474607009218967e-05
diag_1_516,0.0
diag_1_518,0.0002797714605683761
diag_1_519,1.6145641676945683e-08
diag_1_52,0.0
diag_1_521,0.0
diag_1_522,3.7315910659062046e-06
diag_1_523,0.0
diag_1_524,0.0
diag_1_526,2.9336414251709596e-06
diag_1_527,0.0
diag_1_528,0.0
diag_1_529,0.0
diag_1_53,1.4806847431129691e-07
diag_1_530,0.0005075819214805341
diag_1_531,0.00033682645575481093
diag_1_532,5.529434056172135e-05
diag_1_533,0.0
diag_1_534,1.263790719050652e-05
diag_1_535,6.191966656678312e-05
diag_1_536,1.2112099121537023e-05
diag_1_537,1.9675432963509555e-05
diag_1_54,0.0
diag_1_540,0.0009153339422872089
diag_1_541,0.0
diag_1_542,0.0
diag_1_543,0.0
diag_1_550,2.408967029172803e-05
diag_1_551,0.0
diag_1_552,0.00024162150891459072
diag_1_553,0.0001843752014575999
diag_1_555,3.068261196544452e-05
diag_1_556,0.00015508154253373568
diag_1_557,0.00011324859860718697
diag_1_558,2.542773803271854e-05
diag_1_560,0.0002882907204248005
diag_1_562,0.0025138050371818006
diag_1_564,7.98536118428626e-06
diag_1_565,0.0
diag_1_566,0.0004706621947802648
diag_1_567,3.183016749868999e-05
diag_1_568,0.0
diag_1_569,2.884988030266821e-05
diag_1_57,0.0
diag_1_570,0.0
diag_1_571,2.2108950151800167e-05
diag_1_572,9.868248419660864e-05
diag_1_573,5.1503120768374215e-06
diag_1_574,0.0010815780025978565
diag_1_575,2.9199116586425412e-05
diag_1_576,8.996546087776715e-06
diag_1_577,0.00024196351899282163
diag_1_578,7.767314296843252e-05
diag_1_579,0.0
diag_1_58,0.0
diag_1_580,0.0
diag_1_581,0.0
diag_1_582,0.0
diag_1_583,0.0
diag_1_584,8.946682180794835e-05
diag_1_585,3.856854128961774e-06
diag_1_586,0.0
diag_1_588,0.0
diag_1_590,0.0030607688033929877
diag_1_591,0.0
diag_1_592,0.0011336509661261215
diag_1_593,4.153290201519694e-05
diag_1_594,6.419489580888051e-08
diag_1_595,6.856190717454975e-06
diag_1_596,4.829374668639475e-06
diag_1_598,5.466433225088335e-06
diag_1_599,9.817692815894584e-05
diag_1_600,0.0008441265362641285
diag_1_601,0.0
diag_1_602,0.0
diag_1_603,0.0
diag_1_604,1.5801457874502684e-19
diag_1_605,0.0
diag_1_607,3.948193801437711e-06
diag_1_608,2.1272077264825805e-06
diag_1_61,0.0
diag_1_610,0.0
diag_1_611,0.0
diag_1_614,0.0
diag_1_615,0.0
diag_1_616,4.1179344849153464e-09
diag_1_617,1.7700879614528258e-06
diag_1_618,0.0012261116679880676
diag_1_619,0.0
diag_1_620,1.7933379916923732e-05
diag_1_621,0.0
diag_1_622,0.0
diag_1_623,0.0
diag_1_625,0.0001839558656469008
diag_1_626,0.00028342020107791874
diag_1_627,1.1544535374809773e-06
diag_1_632,0.0
diag_1_633,0.0
diag_1_634,0.0
diag_1_637,0.0
diag_1_640,0.0
diag_1_641,0.0
diag_1_642,9.752341477593455e-05
diag_1_643,0.0
diag_1_644,1.1240923975457608e-05
diag_1_645,3.538082101608691e-15
diag_1_646,0.0
diag_1_647,0.0
diag_1_648,0.0008787109333069029
diag_1_649,0.0
diag_1_652,8.972335570222348e-06
diag_1_653,0.0
diag_1_654,0.000394814396000285
diag_1_655,0.0
diag_1_656,5.5067256641792195e-06
diag_1_657,0.0
diag_1_658,0.0
diag_1_659,2.0554632511816625e-17
diag_1_66,2.409714710175054e-06
diag_1_660,0.0
diag_1_661,0.0
diag_1_663,3.8178570749288825e-09
diag_1_664,0.0
diag_1_665,0.0
diag_1_669,1.5125878052219446e-15
diag_1_671,0.0
diag_1_674,0.0
diag_1_680,3.570389677401004e-06
diag_1_681,3.575664195752718e-05
diag_1_682,0.0006494403176241809
diag_1_683,0.0
diag_1_684,0.0
diag_1_685,0.0
diag_1_686,0.0
diag_1_690,0.0
diag_1_691,0.0
diag_1_692,0.0
diag_1_693,0.0
diag_1_694,0.0
diag_1_695,3.8038589579907755e-06
diag_1_696,4.458597646865709e-07
diag_1_698,0.0
diag_1_7,0.0
diag_1_70,0.0
diag_1_700,0.0
diag_1_703,0.0
diag_1_704,0.0
diag_1_705,0.0
diag_1_706,0.0
diag_1_707,0.00011756719226573864
diag_1_708,0.0
diag_1_709,0.0
diag_1_710,0.0
diag_1_711,3.3441771321562895e-05
diag_1_714,6.130984026601824e-05
diag_1_715,0.001967207162158598
diag_1_716,1.9482192668974376e-05
diag_1_717,2.0109183686412347e-06
diag_1_718,0.0
diag_1_719,2.351912066958526e-06
diag_1_720,0.0
diag_1_721,2.18784334810875e-05
diag_1_722,0.0034422051803722005
diag_1_723,2.690795726237997e-05
diag_1_724,0.00013788059372703314
diag_1_725,0.0
diag_1_726,0.00012627352930903236
diag_1_727,2.4325835203844607e-05
diag_1_728,2.0104673484361553e-06
diag_1_729,5.107639718923229e-06
diag_1_730,2.3044850053563016e-05
diag_1_731,0.00021051715116244684
diag_1_732,0.0
diag_1_733,0.0003405300422728877
diag_1_734,0.0
diag_1_735,0.0
diag_1_736,4.735117336632778e-06
diag_1_737,0.0
diag_1_738,8.362068154691658e-05
diag_1_745,0.0
diag_1_746,0.0
diag_1_747,0.0
diag_1_75,0.0
diag_1_751,0.0
diag_1_753,0.0
diag_1_756,0.0
diag_1_759,0.0
diag_1_78,0.0
diag_1_780,0.00022934933686247005
diag_1_781,0.0
diag_1_782,9.144233295667754e-05
diag_1_783,4.158151579229565e-06
diag_1_784,4.034422489476598e-05
diag_1_785,7.494844926304457e-06
diag_1_786,0.00722435330516362
diag_1_787,4.181048054116767e-05
diag_1_788,2.412703862578663e-05
diag_1_789,4.792258837060029e-05
diag_1_79,9.197832500913994e-05
diag_1_790,2.643082412228918e-05
diag_1_791,0.0
diag_1_792,0.0
diag_1_793,0.0
diag_1_794,2.301642860572294e-06
diag_1_795,0.0
diag_1_796,0.0
diag_1_797,0.0
diag_1_799,5.281416210768711e-06
diag_1_8,4.326724241032114e-05
diag_1_800,0.0
diag_1_801,3.9896311265152676e-05
diag_1_802,1.5899485672100116e-06
diag_1_803,0.0
diag_1_805,8.817974062029197e-05
diag_1_806,0.0
diag_1_807,3.059123047521162e-05
diag_1_808,8.75959996543735e-05
diag_1_810,0.0
diag_1_812,0.00011114787444648968
diag_1_813,0.0
diag_1_814,0.0
diag_1_815,0.0
diag_1_816,2.111215650710278e-06
diag_1_817,0.0
diag_1_82,0.0
diag_1_820,0.0022679511407486756
diag_1_821,0.0
diag_1_822,0.00012691741192000577
diag_1_823,3.641622958600501e-05
diag_1_824,2.4853217587813212e-05
diag_1_825,0.0
diag_1_826,0.0
diag_1_827,0.0
diag_1_831,0.0
diag_1_832,0.0
diag_1_833,0.0
diag_1_834,0.0
diag_1_835,0.0
diag_1_836,0.0
diag_1_837,0.0
diag_1_838,0.0
diag_1_839,0.0
diag_1_84,0.0
diag_1_840,0.0
diag_1_842,0.0
diag_1_843,2.823374126852501e-06
diag_1_844,1.401702400911413e-05
diag_1_845,5.297304430642867e-07
diag_1_846,0.0
diag_1_847,0.0
diag_1_848,0.0
diag_1_850,0.0001458108806706895
diag_1_851,0.0
diag_1_852,2.0386700832666234e-05
diag_1_853,0.0
diag_1_854,0.0
diag_1_860,0.0
diag_1_861,0.0
diag_1_862,0.0
diag_1_863,0.0
diag_1_864,0.0
diag_1_865,0.0
diag_1_866,2.8551671569135014e-06
diag_1_867,0.0
diag_1_868,0.0
diag_1_870,0.0
diag_1_871,0.0
diag_1_873,0.0
diag_1_875,0.0
diag_1_878,0.0
diag_1_879,0.0
diag_1_88,0.0
diag_1_880,0.0
diag_1_881,0.0
diag_1_882,0.0
diag_1_883,0.0
diag_1_885,0.0
diag_1_886,0.0
diag_1_890,0.0
diag_1_891,0.0
diag_1_892,4.603658124984644e-07
diag_1_893,0.0
diag_1_895,0.0
diag_1_897,0.0
diag_1_9,9.209149077721221e-06
diag_1_903,0.0
diag_1_904,0.0
diag_1_906,0.0
diag_1_911,0.0
diag_1_913,0.0
diag_1_914,0.0
diag_1_915,0.0
diag_1_916,0.0
diag_1_917,0.0
diag_1_919,0.0
diag_1_920,1.4579684492740087e-06
diag_1_921,0.0
diag_1_922,6.19975431678723e-06
diag_1_923,0.0
diag_1_924,7.439126461567045e-07
diag_1_928,4.956579542430096e-06
diag_1_933,0.0
diag_1_934,0.0
diag_1_935,1.2315229228758194e-09
diag_1_936,0.0
diag_1_939,4.8417389282719e-08
diag_1_94,0.0
diag_1_941,0.0
diag_1_942,0.0
diag_1_944,0.0
diag_1_945,3.878081012572074e-06
diag_1_952,5.073452591360269e-06
diag_1_955,0.0
diag_1_957,0.0
diag_1_958,6.643427155848554e-06
diag_1_959,0.0
diag_1_962,0.0
diag_1_963,0.0
diag_1_964,0.0
diag_1_965,0.0
diag_1_966,0.0
diag_1_967,3.981277812069653e-05
diag_1_968,0.0
diag_1_969,0.0
diag_1_97,0.0
diag_1_970,0.0
diag_1_971,0.0
diag_1_972,0.0
diag_1_973,0.0
diag_1_974,0.0
diag_1_975,0.0
diag_1_976,0.0
diag_1_977,0.0
diag_1_98,0.0
diag_1_980,0.0
diag_1_982,0.0
diag_1_983,0.0
diag_1_986,0.0
diag_1_987,0.0
diag_1_988,0.0
diag_1_989,0.0
diag_1_990,0.0
diag_1_991,0.0
diag_1_992,0.0
diag_1_994,0.0
diag_1_995,5.7711874409968826e-05
diag_1_996,0.0007416096188321112
diag_1_997,0.00021026028647359204
diag_1_998,0.00017755568266270415
diag_1_999,0.0
diag_1_E909,0.0
diag_1_V07,0.0
diag_1_V25,0.0
diag_1_V26,0.0
diag_1_V43,0.0
diag_1_V45,2.1105515594365223e-07
diag_1_V51,0.0
diag_1_V53,6.417224425782643e-05
diag_1_V54,5.5057583500430985e-06
diag_1_V55,5.800139825543594e-06
diag_1_V56,2.2184035535952396e-06
diag_1_V57,0.0010243571008182566
diag_1_V58,0.0024443498733700453
diag_1_V60,0.0
diag_1_V63,1.5220175805998673e-06
diag_1_V66,0.0
diag_1_V67,0.0
diag_1_V70,0.0
diag_1_V71,0.0
diag_2_110,0.0
diag_2_111,0.0
diag_2_112,1.4310252764688574e-05
diag_2_114,0.0
diag_2_115,0.0
diag_2_117,0.0
diag_2_123,0.0
diag_2_131,0.0
diag_2_135,4.154653842436031e-05
diag_2_136,0.0
diag_2_137,0.0
diag_2_138,1.0096742205890454e-17
diag_2_140,0.0
diag_2_141,0.0
diag_2_145,0.0
diag_2_150,3.824936388357987e-07
diag_2_151,0.0
diag_2_152,0.0
diag_2_153,4.208666929517659e-05
diag_2_154,6.252501506179871e-06
diag_2_155,6.3125788127186525e-06
diag_2_156,3.799923765481219e-06
diag_2_157,8.821360679810997e-06
diag_2_162,0.0003880583046139969
diag_2_163,0.0
diag_2_164,0.0
diag_2_171,0.0
diag_2_172,0.0
diag_2_173,0.0
diag_2_174,5.0565987035213744e-08
diag_2_179,0.0
diag_2_180,0.0
diag_2_182,1.28079585161975e-07
diag_2_183,0.0
diag_2_185,5.555574833313419e-06
diag_2_186,0.00010653689690247656
diag_2_188,2.407953548087195e-05
diag_2_189,1.4617250414437617e-05
diag_2_191,5.649521488483289e-06
diag_2_192,0.0
diag_2_193,0.0
diag_2_195,0.0
diag_2_196,5.5487779458943156e-05
diag_2_197,9.066314225170341e-06
diag_2_198,2.783012844491401e-05
diag_2_199,1.4715839827777797e-06
diag_2_200,0.0
diag_2_201,5.222099730312416e-07
diag_2_202,0.0001598667632478927
diag_2_203,3.6745400686653787e-05
diag_2_204,4.1549741850783594e-05
diag_2_205,1.8535423610624354e-06
diag_2_208,0.0
diag_2_211,0.0
diag_2_212,0.0
diag_2_214,0.0
diag_2_215,0.0
diag_2_217,0.0
diag_2_218,0.00018156713116983933
diag_2_220,1.5037992455319064e-07
diag_2_223,0.0
diag_2_225,0.0
diag_2_226,0.0
diag_2_227,0.0
diag_2_228,0.0
diag_2_232,0.0
diag_2_233,0.0
diag_2_235,0.0
diag_2_238,0.0
diag_2_239,0.0
diag_2_240,0.0
diag_2_241,0.0
diag_2_242,2.5038470955382128e-05
diag_2_244,4.069360750131871e-05
diag_2_245,0.0
diag_2_246,0.0
diag_2_250,0.03509628130684035
diag_2_250.01,0.0001243137298293787
diag_2_250.02,0.000488590601380777
diag_2_250.03,0.00017477218423570185
diag_2_250.1,0.0
diag_2_250.11,1.811963325806309e-05
diag_2_250.12,2.2610190340849766e-05
diag_2_250.13,1.7023709020302923e-06
diag_2_250.2,0.0
diag_2_250.21,0.0
diag_2_250.22,0.0
diag_2_250.23,0.0
diag_2_250.3,0.0
diag_2_250.31,0.0
diag_2_250.32,0.0
diag_2_250.33,7.495861183525066e-07
diag_2_250.4,4.827122470265372e-05
diag_2_250.41,0.0005937506598740268
diag_2_250.42,0.0001451969004837819
diag_2_250.43,9.722496125925438e-07
diag_2_250.5,8.758732070375469e-07
diag_2_250.51,3.3999545813210542e-06
diag_2_250.52,2.0049330445386024e-05
diag_2_250.53,0.0
diag_2_250.6,0.0004907418225085816
diag_2_250.7,3.1209541018108764e-05
diag_2_250.8,3.0355856792370077e-05
diag_2_250.81,3.838559930835582e-05
diag_2_250.82,2.9076058169468338e-05
diag_2_250.83,0.0
diag_2_250.9,0.0
diag_2_250.91,0.0
diag_2_250.92,2.59112608669339e-05
diag_2_250.93,3.919568472934985e-06
diag_2_251,0.0
diag_2_252,0.0
diag_2_253,9.096630728086516e-07
diag_2_255,8.546249494869102e-05
diag_2_256,0.0
diag_2_258,0.0
diag_2_259,0.0
diag_2_260,0.0
diag_2_261,0.0
diag_2_262,0.0
diag_2_263,6.740768945853856e-06
diag_2_266,0.0
diag_2_268,0.0
diag_2_269,0.0
diag_2_27,0.0
diag_2_270,0.0
diag_2_271,0.0
diag_2_272,0.001630594932429733
diag_2_273,0.0
diag_2_274,0.0
diag_2_275,0.0
diag_2_276,0.0005868740575550254
diag_2_277,0.00015003681479772732
diag_2_278,0.00204113275634968
diag_2_279,0.0
diag_2_280,7.976943721033756e-05
diag_2_281,0.0
diag_2_282,0.0
diag_2_283,0.0
diag_2_284,1.1841583802459728e-05
diag_2_285,0.00036643967241863947
diag_2_286,1.9143181946886617e-05
diag_2_287,2.553223149213895e-05
diag_2_288,3.888284600674715e-05
diag_2_289,1.1656105322403488e-05
diag_2_290,4.294764783677923e-06
diag_2_291,0.0
diag_2_292,5.744229970432934e-05
diag_2_293,2.4818763541122224e-05
diag_2_294,8.393389220243706e-05
diag_2_295,0.00011409061385602409
diag_2_296,3.646008103246379e-05
diag_2_297,0.0
diag_2_298,0.0
diag_2_299,0.0
diag_2_300,0.0001272636848293697
diag_2_301,3.396698835366478e-05
diag_2_302,0.0
diag_2_303,1.2482068320575685e-05
diag_2_304,4.087367005186553e-06
diag_2_305,0.0002484941690603496
diag_2_306,0.0
diag_2_307,2.4555263918196833e-06
diag_2_308,0.0
diag_2_309,4.34523875813924e-05
diag_2_31,0.0
diag_2_310,0.0
diag_2_311,9.486637151699404e-05
diag_2_312,0.0
diag_2_314,0.0
diag_2_316,0.0
diag_2_317,0.0
diag_2_318,0.0
diag_2_319,2.762175981151443e-06
diag_2_320,3.781676855036751e-09
diag_2_322,0.0
diag_2_323,0.0
diag_2_324,0.0
diag_2_325,0.0
diag_2_327,4.333948820487578e-05
diag_2_331,3.4158494499502226e-05
diag_2_332,8.079685588798367e-06
diag_2_333,0.0
diag_2_335,2.2321320306958144e-06
diag_2_336,0.0
diag_2_337,0.0
diag_2_338,0.0
diag_2_34,2.511930076850923e-06
diag_2_340,5.96740955060654e-05
diag_2_341,0.0
diag_2_342,0.0003698211016632756
diag_2_343,0.0
diag_2_344,2.9621626765152e-07
diag_2_345,2.9095592738682266e-05
diag_2_346,6.970099080526138e-07
diag_2_347,0.0
diag_2_348,6.506217139264711e-05
diag_2_349,1.9393811118101523e-07
diag_2_35,0.0
diag_2_350,0.0
diag_2_351,5.866726968792462e-06
diag_2_352,0.0
diag_2_353,0.0
diag_2_354,0.0
diag_2_355,0.0
diag_2_356,0.0
diag_2_357,9.809917278585114e-06
diag_2_358,3.0597694561700416e-05
diag_2_359,5.23592212677042e-06
diag_2_360,0.0
diag_2_362,0.0
diag_2_364,0.0
diag_2_365,0.0
diag_2_366,0.0
diag_2_368,0.0
diag_2_369,7.861234658442012e-06
diag_2_372,0.0
diag_2_373,0.0
diag_2_374,0.0
diag_2_376,0.0
diag_2_377,0.0
diag_2_378,0.0
diag_2_379,0.0
diag_2_38,4.531887914459235e-05
diag_2_380,0.0
diag_2_381,0.0
diag_2_382,0.0
diag_2_383,0.0
diag_2_386,0.0
diag_2_388,0.0
diag_2_389,0.0
diag_2_394,0.0
diag_2_395,0.0
diag_2_396,0.0001796909977456524
diag_2_397,1.7119839223724778e-05
diag_2_398,0.0
diag_2_40,0.0
diag_2_401,0.03309482590031824
diag_2_402,7.964499905542201e-05
diag_2_403,0.003957863415173191
diag_2_404,7.913481870040621e-06
diag_2_405,0.0
diag_2_41,0.0002546662646348575
diag_2_410,2.830779548933981e-05
diag_2_411,0.002001202662068766
diag_2_412,0.0001655298612803774
diag_2_413,0.0019237396665523444
diag_2_414,0.006307395748634485
diag_2_415,3.1680953140593515e-06
diag_2_416,4.073828289382257e-05
diag_2_42,7.430833911765698e-06
diag_2_420,0.0
diag_2_421,0.0
diag_2_422,0.0
diag_2_423,1.2652045425075309e-17
diag_2_424,0.00017370316603964299
diag_2_425,0.00016228089005016456
diag_2_426,0.0001813930959258868
diag_2_427,0.0004379059834226928
diag_2_428,0.0022416481841827816
diag_2_429,0.0
diag_2_430,0.0
diag_2_431,0.0
diag_2_432,1.2636720920419667e-06
diag_2_433,3.0111553421062893e-05
diag_2_434,1.759596484190361e-05
diag_2_435,0.0002152369563291029
diag_2_436,3.814605052751658e-05
diag_2_437,0.0001531835875239773
diag_2_438,5.2038610247436146e-05
diag_2_440,0.0005869145545375821
diag_2_441,1.062109353344355e-06
diag_2_442,0.0
diag_2_443,2.3092599568884506e-05
diag_2_444,0.0
diag_2_446,0.0
diag_2_447,1.9736254418350772e-05
diag_2_448,4.498708825190452e-07
diag_2_451,0.0
diag_2_452,0.0
diag_2_453,6.134300692791221e-05
diag_2_454,0.0
diag_2_455,6.315249165427723e-05
diag_2_456,3.755500848843701e-05
diag_2_457,8.349750067839571e-06
diag_2_458,0.00010217957854107155
diag_2_459,8.631781543236287e-06
diag_2_46,0.0
diag_2_460,0.0
diag_2_461,0.0
diag_2_462,0.0
diag_2_463,0.0
diag_2_464,0.0
diag_2_465,7.349289777547912e-07
diag_2_466,7.725550221481672e-05
diag_2_470,0.0
diag_2_472,0.0
diag_2_473,1.0017135861722067e-15
diag_2_474,0.0
diag_2_475,0.0
diag_2_477,0.0
diag_2_478,7.391908942512781e-06
diag_2_480,0.0
diag_2_481,0.0
diag_2_482,2.1614470532059252e-05
diag_2_483,0.0
diag_2_484,0.0
diag_2_485,3.1033322408411057e-19
diag_2_486,0.0001871453736321854
diag_2_487,5.060732950740668e-07
diag_2_490,1.7137681166428122e-05
diag_2_491,0.0003264640047485366
diag_2_492,0.00010608438587454661
diag_2_493,0.00015521717242571105
diag_2_494,1.2593634889882592e-06
diag_2_495,0.0
diag_2_496,0.0002529132023662863
diag_2_5,0.0
diag_2_500,0.0
diag_2_501,0.0
diag_2_506,0.0
diag_2_507,9.803094198411679e-06
diag_2_508,0.0
diag_2_510,0.0
diag_2_511,8.627826018356663e-05
diag_2_512,2.6579813223082618e-05
diag_2_513,0.0
diag_2_514,0.0
diag_2_515,5.3587077756109115e-06
diag_2_516,4.36710020273812e-06
diag_2_517,0.0
diag_2_518,0.00017166789481829246
diag_2_519,0.0
diag_2_52,0.0
diag_2_520,0.0
diag_2_521,0.0
diag_2_522,0.0
diag_2_523,0.0
diag_2_524,0.0
diag_2_527,0.0
diag_2_528,1.3456301621919413e-06
diag_2_529,0.0
diag_2_53,2.4192894718614934e-06
diag_2_530,0.0001554039738528084
diag_2_531,0.0
diag_2_532,0.0
diag_2_533,0.0
diag_2_534,0.0
diag_2_535,8.758417748644128e-05
diag_2_536,4.931051092874204e-05
diag_2_537,6.067311134053641e-06
diag_2_54,0.0
diag_2_540,0.0
diag_2_542,0.0
diag_2_543,0.0
diag_2_550,0.0
diag_2_552,6.135804959664994e-06
diag_2_553,0.00019249236628326275
diag_2_555,0.0
diag_2_556,0.0
diag_2_557,6.303820158415696e-06
diag_2_558,1.4439096895299422e-05
diag_2_560,0.00019731133307472265
diag_2_562,0.00046430306077638783
diag_2_564,1.9074209958522284e-06
diag_2_565,0.0
diag_2_566,0.0
diag_2_567,2.5047627497461374e-05
diag_2_568,8.712372405185143e-05
diag_2_569,7.919682452451387e-06
diag_2_570,3.2099320807709455e-06
diag_2_571,3.0786977571670036e-05
diag_2_572,0.0
diag_2_573,1.2469637827104605e-20
diag_2_574,0.00035484999978342474
diag_2_575,0.0001044908324448119
diag_2_576,1.0463135427344343e-05
diag_2_577,3.129339574015754e-05
diag_2_578,3.817716186725161e-05
diag_2_579,0.0
diag_2_580,0.0
diag_2_581,1.7880119547436134e-05
diag_2_583,0.0
diag_2_584,0.00011074331819083888
diag_2_585,0.0013171954575036146
diag_2_586,0.0
diag_2_588,7.842030069631496e-06
diag_2_590,6.9163054354564005e-06
diag_2_591,0.0003707699267228301
diag_2_592,5.7906990536944925e-05
diag_2_593,1.963548954620414e-05
diag_2_594,1.2078423395131614e-06
diag_2_595,1.9833280474484336e-06
diag_2_596,1.070811136138964e-05
diag_2_598,0.0
diag_2_599,0.00029481952231464795
diag_2_600,3.0367432111899554e-06
diag_2_601,2.792782694510063e-17
diag_2_602,0.0
diag_2_603,0.0
diag_2_604,0.0
diag_2_605,0.0
diag_2_607,4.110379960129424e-05
diag_2_608,0.0
diag_2_610,0.0
diag_2_611,7.115159390679597e-06
diag_2_614,2.432557820791601e-05
diag_2_615,0.0
diag_2_616,2.925516958330712e-05
diag_2_617,5.397951249871496e-06
diag_2_618,2.0959591042174797e-05
diag_2_619,0.0
diag_2_620,2.8483917440390244e-05
diag_2_621,0.0
diag_2_622,9.12879391161087e-08
diag_2_623,0.0
diag_2_625,1.0666466914937352e-15
diag_2_626,0.0
diag_2_627,0.0
diag_2_634,0.0
diag_2_641,0.0
diag_2_642,1.8039010210852755e-06
diag_2_644,0.0
diag_2_645,0.0
diag_2_646,0.0
diag_2_647,0.0
diag_2_648,0.0024354977100704096
diag_2_649,0.0
diag_2_652,0.0
diag_2_654,0.0
diag_2_656,0.0
diag_2_658,4.7534440752342265e-07
diag_2_659,0.0
diag_2_66,0.0
diag_2_661,0.0
diag_2_663,0.0
diag_2_664,6.869919524661259e-07
diag_2_665,0.0
diag_2_670,0.0
diag_2_674,0.0
diag_2_680,0.0
diag_2_681,5.290625644148506e-06
diag_2_682,9.019619762675863e-05
diag_2_683,0.0
diag_2_684,6.810524897522674e-07
diag_2_685,0.0
diag_2_686,0.0
diag_2_691,0.0
diag_2_692,0.0
diag_2_693,0.0
diag_2_694,0.0
diag_2_695,0.0
diag_2_696,0.0
diag_2_698,0.0
diag_2_7,0.0
diag_2_70,0.00013765385328029232
diag_2_701,4.992881321077062e-07
diag_2_702,0.0
diag_2_703,0.0
diag_2_704,0.0
diag_2_705,0.0
diag_2_706,7.119078152577305e-07
diag_2_707,0.0010330402091745837
diag_2_709,0.0
diag_2_710,6.406379758833025e-05
diag_2_711,3.4660388453628656e-05
diag_2_712,0.0
diag_2_713,0.0
diag_2_714,5.620997667603741e-06
diag_2_715,6.983901690047442e-05
diag_2_716,1.1848591933954805e-06
diag_2_717,0.0
diag_2_718,0.0
diag_2_719,1.8313240445886704e-05
diag_2_721,1.6424285528940185e-06
diag_2_722,0.0004288523017778531
diag_2_723,6.480171711252761e-05
diag_2_724,1.696775944271315e-05
diag_2_725,0.0
diag_2_726,1.3807053605655325e-05
diag_2_727,8.09168688015684e-05
diag_2_728,1.1636070409561052e-05
diag_2_729,3.8514485127054425e-05
diag_2_730,0.0001494186985617692
diag_2_731,6.336071932600499e-05
diag_2_733,2.940196384143239e-05
diag_2_734,0.0
diag_2_736,4.0219884557726575e-05
diag_2_737,0.0
diag_2_738,0.0
diag_2_741,0.0
diag_2_742,0.0
diag_2_745,8.952849481624191e-07
diag_2_746,1.2338809574859784e-06
diag_2_747,0.0
diag_2_748,0.0
diag_2_75,0.0
diag_2_750,0.0
diag_2_751,0.0
diag_2_752,0.0
diag_2_753,9.591982389439603e-06
diag_2_754,0.0
diag_2_755,0.0
diag_2_756,2.12619270217824e-06
diag_2_758,7.68503916829812e-06
diag_2_759,0.0
diag_2_78,0.0
diag_2_780,0.00038664688273010845
diag_2_781,8.76876477770335e-05
diag_2_782,2.9963987918234402e-05
diag_2_783,0.0
diag_2_784,4.923797161619043e-05
diag_2_785,0.00021373949952447184
diag_2_786,0.0005192881511748347
diag_2_787,0.0005990863235681017
diag_2_788,0.0001138027854862349
diag_2_789,3.117304259566063e-05
diag_2_79,2.7930431443304504e-06
diag_2_790,3.922235745695702e-06
diag_2_791,0.0
diag_2_792,0.0
diag_2_793,4.130800204917941e-06
diag_2_794,1.3120075089143524e-05
diag_2_795,0.0
diag_2_796,0.0
diag_2_797,0.0
diag_2_799,2.816689066021571e-05
diag_2_8,7.826708308817317e-06
diag_2_800,0.0
diag_2_801,0.0
diag_2_802,0.0
diag_2_805,1.1193668409754021e-05
diag_2_806,0.0
diag_2_807,5.429335563211055e-06
diag_2_808,5.5841608721961397e-05
diag_2_810,0.0
diag_2_811,0.0
diag_2_812,2.0113200239736305e-06
diag_2_813,7.836820759595091e-07
diag_2_814,0.0
diag_2_815,0.0
diag_2_816,0.0
diag_2_820,4.707089403514633e-05
diag_2_821,0.0
diag_2_822,0.0
diag_2_823,0.0
diag_2_824,0.0
diag_2_825,0.0
diag_2_826,0.0
diag_2_831,0.0
diag_2_832,0.0
diag_2_833,0.0
diag_2_836,0.0
diag_2_837,0.0
diag_2_840,9.578948145938998e-06
diag_2_842,0.0
diag_2_843,0.0
diag_2_844,0.0
diag_2_845,0.0
diag_2_846,0.0
diag_2_847,0.0
diag_2_850,0.0
diag_2_851,0.0
diag_2_852,1.1719402884115407e-06
diag_2_853,0.0
diag_2_860,0.0
diag_2_861,0.0
diag_2_862,0.0
diag_2_863,0.0
diag_2_864,0.0
diag_2_865,1.3249612865370383e-07
diag_2_866,0.0
diag_2_867,0.0
diag_2_868,0.0
diag_2_869,0.0
diag_2_870,0.0
diag_2_871,0.0
diag_2_872,0.0
diag_2_873,7.436464229281482e-07
diag_2_879,0.0
diag_2_88,0.0
diag_2_880,0.0
diag_2_881,0.0
diag_2_882,0.0
diag_2_883,0.0
diag_2_884,0.0
diag_2_891,0.0
diag_2_892,0.0
diag_2_893,0.0
diag_2_894,0.0
diag_2_9,0.0
diag_2_905,2.645209972998179e-07
diag_2_906,0.0
diag_2_907,7.548645717311603e-07
diag_2_908,0.0
diag_2_909,0.0
diag_2_910,0.0
diag_2_911,0.0
diag_2_912,0.0
diag_2_913,0.0
diag_2_915,0.0
diag_2_916,0.0
diag_2_917,0.0
diag_2_918,0.0
diag_2_919,0.0
diag_2_920,0.0
diag_2_921,0.0
diag_2_922,0.0
diag_2_923,8.020352356142399e-07
diag_2_924,1.7949731924909085e-05
diag_2_927,0.0
diag_2_933,0.0
diag_2_934,0.0
diag_2_94,0.0
diag_2_942,0.0
diag_2_944,0.0
diag_2_945,0.0
diag_2_947,0.0
diag_2_948,0.0
diag_2_952,0.0
diag_2_953,0.0
diag_2_955,0.0
diag_2_958,0.0
diag_2_959,0.0
diag_2_96,0.0
diag_2_962,0.0
diag_2_963,0.0
diag_2_965,0.0
diag_2_967,0.0
diag_2_968,0.0
diag_2_969,0.0
diag_2_972,0.0
diag_2_974,0.0
diag_2_975,0.0
diag_2_977,0.0
diag_2_980,2.3388889827751942e-05
diag_2_987,0.0
diag_2_989,0.0
diag_2_99,0.0
diag_2_990,0.0
diag_2_991,0.0
diag_2_992,0.0
diag_2_994,0.0
diag_2_995,3.0309262730115693e-05
diag_2_996,8.389419261395774e-05
diag_2_997,0.00010402218885913073
diag_2_998,0.00022531118667429504
diag_2_999,1.642966983300416e-05
diag_2_E812,0.0
diag_2_E813,0.0
diag_2_E814,0.0
diag_2_E816,0.0
diag_2_E817,0.0
diag_2_E818,2.9023723801337976e-07
diag_2_E819,0.0
diag_2_E821,0.0
diag_2_E826,0.0
diag_2_E829,0.0
diag_2_E849,2.3682821797603236e-05
diag_2_E850,0.0
diag_2_E853,0.0
diag_2_E854,0.0
diag_2_E858,1.5005747511701023e-05
diag_2_E868,0.0
diag_2_E870,0.0
diag_2_E878,4.4152087920357315e-05
diag_2_E879,0.0
diag_2_E880,4.057619062385848e-06
diag_2_E881,0.0
diag_2_E882,0.0
diag_2_E883,0.0
diag_2_E884,0.0
diag_2_E885,2.6930318904532496e-05
diag_2_E887,0.0
diag_2_E888,6.925872599088959e-06
diag_2_E890,0.0
diag_2_E900,0.0
diag_2_E905,0.0
diag_2_E906,0.0
diag_2_E915,0.0
diag_2_E916,0.0
diag_2_E917,0.0
diag_2_E918,0.0
diag_2_E919,0.0
diag_2_E924,0.0
diag_2_E927,0.0
diag_2_E928,0.0
diag_2_E929,0.0
diag_2_E930,0.0
diag_2_E931,0.0
diag_2_E932,1.267042859588995e-06
diag_2_E933,0.0
diag_2_E934,0.0
diag_2_E935,0.0
diag_2_E936,0.0
diag_2_E937,0.0
diag_2_E938,0.0
diag_2_E939,0.0
diag_2_E941,0.0
diag_2_E942,0.0
diag_2_E944,1.21229598459839e-06
diag_2_E945,0.0
diag_2_E947,0.0
diag_2_E950,3.687561540423969e-05
diag_2_E965,0.0
diag_2_E968,0.0
diag_2_E980,0.0
diag_2_V02,0.0
diag_2_V03,0.0
diag_2_V08,0.0
diag_2_V09,0.0
diag_2_V10,0.0005051482131845977
diag_2_V11,0.0
diag_2_V12,0.00010446772181296232
diag_2_V13,0.0
diag_2_V14,0.0
diag_2_V15,1.2839473753081483e-05
diag_2_V16,0.0
diag_2_V17,0.0
diag_2_V18,2.551229733662666e-17
diag_2_V23,0.0
diag_2_V25,0.0
diag_2_V42,0.0001495357022047855
diag_2_V43,0.0004120002625419186
diag_2_V44,0.0
diag_2_V45,0.00022290989675743538
diag_2_V46,0.0
diag_2_V49,3.050275055358819e-08
diag_2_V50,0.0
diag_2_V53,0.0
diag_2_V54,3.460632187624721e-05
diag_2_V55,0.0
diag_2_V57,0.0
diag_2_V58,8.059053009290419e-06
diag_2_V60,0.0
diag_2_V61,5.33963705961277e-05
diag_2_V62,2.8530288251002084e-05
diag_2_V63,0.0
diag_2_V64,3.237863446886819e-06
diag_2_V65,1.3209589328732242e-15
diag_2_V66,0.0
diag_2_V69,0.0
diag_2_V70,0.0
diag_2_V72,3.5958008702295887e-07
diag_2_V85,3.10385427088668e-05
diag_2_V86,0.0
diag_3_110,0.0
diag_3_111,0.0
diag_3_112,1.1204429824109574e-05
diag_3_115,0.0
diag_3_117,0.0
diag_3_122,0.0
diag_3_123,0.0
diag_3_131,1.6330166501150134e-06
diag_3_132,0.0
diag_3_135,2.5590229268077634e-05
diag_3_136,0.0
diag_3_138,2.1502969715705553e-05
diag_3_139,0.0
diag_3_14,0.0
diag_3_141,0.0
diag_3_146,0.0
diag_3_148,0.0
diag_3_150,0.0
diag_3_151,0.0
diag_3_152,0.0
diag_3_153,0.0
diag_3_154,1.7745718470159726e-05
diag_3_155,0.0
diag_3_156,1.3884269557763193e-05
diag_3_157,1.6136834346739877e-06
diag_3_158,0.0
diag_3_161,0.0
diag_3_162,5.54326433971577e-05
diag_3_163,0.0
diag_3_164,0.0
diag_3_17,0.0
diag_3_170,2.7917690357082344e-06
diag_3_171,0.0
diag_3_172,0.0
diag_3_173,0.0
diag_3_174,0.0
diag_3_175,0.0
diag_3_179,0.0
diag_3_180,0.0
diag_3_182,0.0
diag_3_183,0.0
diag_3_185,3.10102083121302e-05
diag_3_186,0.0
diag_3_188,0.0
diag_3_189,1.2556588072218924e-06
diag_3_191,4.404070421475009e-06
diag_3_192,0.0
diag_3_193,2.3133333416047088e-06
diag_3_195,1.4621199844150462e-06
diag_3_196,2.3536609217205616e-06
diag_3_197,0.00022073182093433163
diag_3_198,6.158542275499969e-06
diag_3_199,0.0
diag_3_200,0.0
diag_3_201,5.441276292914099e-06
diag_3_202,6.235402118096767e-05
diag_3_203,1.8742691143379145e-05
diag_3_204,0.00010427843591308352
diag_3_205,0.0
diag_3_208,9.382552270919366e-06
diag_3_211,2.0513462912169258e-05
diag_3_214,0.0
diag_3_215,0.0
diag_3_216,0.0
diag_3_217,0.0
diag_3_218,0.0
diag_3_220,0.0
diag_3_223,0.0
diag_3_225,4.506746548659399e-06
diag_3_226,0.0
diag_3_227,0.0
diag_3_228,1.075280706064164e-05
diag_3_230,0.0
diag_3_233,6.258152454925195e-19
diag_3_235,1.3207250381818835e-06
diag_3_236,0.0
diag_3_238,2.768177749525598e-05
diag_3_239,2.4103808273384112e-05
diag_3_240,0.0
diag_3_241,0.0
diag_3_242,5.952150998706739e-06
diag_3_243,0.0
diag_3_244,0.000370008242483961
diag_3_245,0.0
diag_3_246,0.0
diag_3_250,0.03844179717901625
diag_3_250.01,0.00018228883973912615
diag_3_250.02,0.00010569334056782267
diag_3_250.03,0.0001199312702541646
diag_3_250.1,0.0
diag_3_250.11,5.754063517199072e-06
diag_3_250.12,9.465556611979804e-07
diag_3_250.13,3.969721016332211e-06
diag_3_250.2,3.681261960201695e-06
diag_3_250.21,0.0
diag_3_250.22,0.0
diag_3_250.23,0.0
diag_3_250.3,0.0
diag_3_250.31,0.0
diag_3_250.4,1.398785297635177e-05
diag_3_250.41,8.34171271050382e-05
diag_3_250.42,1.98205508646218e-05
diag_3_250.43,1.9535424655878013e-06
diag_3_250.5,3.745411327985643e-05
diag_3_250.51,9.65799232893366e-06
diag_3_250.52,8.397281047560155e-05
diag_3_250.53,2.1728471175755863e-06
diag_3_250.6,0.0015751869459135887
diag_3_250.7,2.461801379990019e-05
diag_3_250.8,0.00013571954943761156
diag_3_250.81,0.0
diag_3_250.82,3.0759033913866434e-05
diag_3_250.83,0.0
diag_3_250.9,0.0
diag_3_250.91,2.3277369367482597e-15
diag_3_250.92,0.0
diag_3_250.93,8.406175122722112e-06
diag_3_251,0.0
diag_3_252,4.8908072675496146e-18
diag_3_253,8.943208548387842e-05
diag_3_255,5.24883104013551e-16
diag_3_256,0.0
diag_3_258,0.0
diag_3_259,0.0
diag_3_260,0.0
diag_3_261,6.961172126919726e-06
diag_3_262,0.0
diag_3_263,9.652643512752416e-05
diag_3_265,0.0
diag_3_266,6.547544887629937e-06
diag_3_268,0.0
diag_3_27,0.0
diag_3_270,0.0
diag_3_271,0.0
diag_3_272,0.016636315564542568
diag_3_273,0.0
diag_3_274,5.7336842974831924e-06
diag_3_275,0.0
diag_3_276,0.0004445821239612133
diag_3_277,0.0
diag_3_278,0.0009399108053619339
diag_3_279,0.0
diag_3_280,2.5271510689674667e-05
diag_3_281,0.0
diag_3_282,1.816200273092515e-06
diag_3_283,0.0
diag_3_284,3.461745595644472e-07
diag_3_285,0.0001541960609306316
diag_3_286,3.550787506700556e-06
diag_3_287,0.00010305774669671858
diag_3_288,9.718652807874312e-05
diag_3_289,0.0
diag_3_290,0.0001018421934729608
diag_3_291,1.3130275975448542e-06
diag_3_292,1.152069814351219e-05
diag_3_293,4.172899073215607e-06
diag_3_294,2.767684042829062e-05
diag_3_295,2.286509495790482e-05
diag_3_296,0.00010378701105975342
diag_3_297,0.0
diag_3_298,2.854370456529947e-05
diag_3_299,0.0
diag_3_3,0.0
diag_3_300,9.321714283177418e-06
diag_3_301,7.095317371217717e-05
diag_3_303,5.8732278483412863e-05
diag_3_304,8.174470951759136e-05
diag_3_305,0.0012473016541362258
diag_3_306,0.0
diag_3_307,5.583345914683309e-07
diag_3_308,0.0
diag_3_309,0.0
diag_3_310,0.0
diag_3_311,0.00019517148218815042
diag_3_312,0.0
diag_3_313,0.0
diag_3_314,1.9013649079608986e-05
diag_3_315,0.0
diag_3_317,0.0
diag_3_318,0.0
diag_3_319,0.0
diag_3_323,0.0
diag_3_327,0.000594779902785885
diag_3_331,1.9482882043313667e-05
diag_3_332,1.568238642474753e-05
diag_3_333,0.0
diag_3_334,0.0
diag_3_335,0.0
diag_3_336,0.0
diag_3_337,3.9988164868457385e-05
diag_3_338,0.0
diag_3_34,0.0
diag_3_340,1.2391836984433477e-06
diag_3_341,0.0
diag_3_342,0.00015791166608780397
diag_3_343,4.524353926491739e-06
diag_3_344,8.432832010980717e-06
diag_3_345,1.8507354927926339e-06
diag_3_346,6.03586604498095e-08
diag_3_347,0.0
diag_3_348,2.7702082461570887e-05
diag_3_349,0.0
diag_3_35,0.0
diag_3_350,0.0
diag_3_351,0.0
diag_3_353,0.0
diag_3_354,0.0
diag_3_355,0.0
diag_3_356,2.755384391298535e-06
diag_3_357,0.0001274609270423913
diag_3_358,0.0
diag_3_359,4.746157022537143e-06
diag_3_360,0.0
diag_3_361,0.0
diag_3_362,2.8761828354017475e-06
diag_3_365,9.3894641023118e-07
diag_3_365.44,0.0
diag_3_366,2.423544069158934e-07
diag_3_368,2.661270487962833e-05
diag_3_369,0.0
diag_3_370,0.0
diag_3_372,0.0
diag_3_373,0.0
diag_3_374,7.223312608026282e-06
diag_3_376,0.0
diag_3_377,0.0
diag_3_378,1.9672660036105547e-06
diag_3_379,0.0
diag_3_38,6.135169324849036e-07
diag_3_380,0.0
diag_3_381,0.0
diag_3_382,0.0
diag_3_383,0.0
diag_3_384,0.0
diag_3_385,0.0
diag_3_386,2.8973963129326626e-06
diag_3_387,0.0
diag_3_388,3.2208656986135426e-17
diag_3_389,0.0
diag_3_391,0.0
diag_3_394,0.0
diag_3_395,0.0
diag_3_396,0.0003565530283651828
diag_3_397,0.00025985244715729267
diag_3_398,0.0
diag_3_401,0.02625975684266288
diag_3_402,0.000156146069735439
diag_3_403,0.0037973211077935347
diag_3_404,3.536320312207744e-05
diag_3_405,0.0
diag_3_41,0.00013955189940845404
diag_3_410,5.130198370180711e-05
diag_3_411,7.284633909840155e-05
diag_3_412,0.0003131835371412451
diag_3_413,0.000456747516849248
diag_3_414,0.006048214724693846
diag_3_415,1.1208740873232545e-06
diag_3_416,1.3261271126916987e-07
diag_3_417,0.0
diag_3_42,3.3484729605776544e-06
diag_3_420,0.0
diag_3_421,0.0
diag_3_423,4.504709557750031e-05
diag_3_424,0.0002720263008899679
diag_3_425,2.015964183921798e-05
diag_3_426,0.0001421413142547771
diag_3_427,0.000537751553649361
diag_3_428,0.0008149202856388174
diag_3_429,3.578734803513928e-06
diag_3_430,0.0
diag_3_431,5.868940665289035e-06
diag_3_432,2.5739168290422652e-06
diag_3_433,0.00031678934820989895
diag_3_434,9.531977908814073e-06
diag_3_435,4.245862722087264e-06
diag_3_436,0.0
diag_3_437,3.1050922380150333e-06
diag_3_438,2.6165549685104364e-05
diag_3_440,1.74796834566098e-05
diag_3_441,4.687084712292477e-06
diag_3_442,0.0
diag_3_443,6.175640548547745e-05
diag_3_444,8.516421376567686e-06
diag_3_445,0.0
diag_3_446,2.329567297499497e-05
diag_3_447,2.7034444340708476e-05
diag_3_448,0.0
diag_3_451,0.0
diag_3_452,0.0
diag_3_453,2.0106946642969847e-05
diag_3_454,0.0
diag_3_455,0.000131347442455219
diag_3_456,3.056862592550955e-06
diag_3_457,0.0
diag_3_458,0.0003232196164953965
diag_3_459,8.608648162266267e-06
diag_3_460,0.0
diag_3_461,0.0
diag_3_462,8.037305996057832e-06
diag_3_463,0.0
diag_3_464,0.0
diag_3_465,2.6902079306520783e-05
diag_3_466,0.00048306425320831793
diag_3_47,0.0
diag_3_470,0.0
diag_3_472,0.0
diag_3_473,5.901634017050851e-05
diag_3_475,0.0
diag_3_477,8.65930002451397e-07
diag_3_478,3.678964169451069e-06
diag_3_480,0.0
diag_3_481,0.0
diag_3_482,0.0
diag_3_483,0.0
diag_3_484,0.0
diag_3_485,0.0
diag_3_486,5.00654939169097e-05
diag_3_487,0.0
diag_3_49,0.0
diag_3_490,9.436495099115493e-05
diag_3_491,4.49179136867139e-05
diag_3_492,4.6694736560931744e-05
diag_3_493,0.00017365585313605674
diag_3_494,0.0
diag_3_495,0.0
diag_3_496,0.0024853838682375637
diag_3_5,0.0
diag_3_500,8.405116549812458e-06
diag_3_501,0.0
diag_3_506,0.0
diag_3_507,9.401082674790859e-06
diag_3_508,0.0
diag_3_510,0.0
diag_3_511,9.109900186021492e-05
diag_3_512,0.0
diag_3_514,6.075503653299568e-07
diag_3_515,2.306533933098806e-05
diag_3_516,0.0
diag_3_517,9.839774077712943e-18
diag_3_518,0.00012917977903506133
diag_3_519,2.457874705405275e-06
diag_3_521,0.0
diag_3_522,5.848073849553546e-16
diag_3_523,0.0
diag_3_524,0.0
diag_3_525,0.0
diag_3_527,0.0
diag_3_528,5.574597029439281e-05
diag_3_529,0.0
diag_3_53,0.0
diag_3_530,0.0007606145416876968
diag_3_531,6.047532791166749e-06
diag_3_532,9.554245080140296e-07
diag_3_533,8.00581822029697e-07
diag_3_534,0.0
diag_3_535,3.58462527544482e-05
diag_3_536,0.0007423865240062721
diag_3_537,0.0
diag_3_538,0.0
diag_3_54,0.0
diag_3_540,0.0
diag_3_542,0.0
diag_3_543,0.0
diag_3_550,0.0
diag_3_552,2.5059504002293047e-05
diag_3_553,0.0006366965674682477
diag_3_555,1.1123508395210682e-05
diag_3_556,0.0
diag_3_557,1.4398044358114136e-05
diag_3_558,4.092136338796548e-06
diag_3_560,5.905585167764809e-05
diag_3_562,0.0007899976513894302
diag_3_564,3.235539063537331e-05
diag_3_565,0.0
diag_3_566,0.0
diag_3_567,3.6143572715518608e-06
diag_3_568,5.196665262144126e-05
diag_3_569,6.70867468589193e-05
diag_3_57,0.0
diag_3_570,0.0
diag_3_571,0.00010241608046531191
diag_3_572,2.965668003022077e-05
diag_3_573,3.6195489501659504e-05
diag_3_574,7.938144400935328e-05
diag_3_575,4.993800657619632e-05
diag_3_576,6.743735446831075e-07
diag_3_577,8.444182993130407e-06
diag_3_578,4.19791138709853e-05
diag_3_579,0.0
diag_3_580,0.0
diag_3_581,5.047784893679506e-05
diag_3_582,0.0
diag_3_583,0.0
diag_3_584,0.0007371944466468132
diag_3_585,0.004961228231785398
diag_3_586,1.2651167485342615e-06
diag_3_588,8.592692388026526e-07
diag_3_590,0.0
diag_3_591,0.00016665946667562763
diag_3_592,1.0089215375319485e-05
diag_3_593,0.00017424950633767428
diag_3_594,0.0
diag_3_595,4.9648486789543775e-06
diag_3_596,2.2359468876880925e-05
diag_3_597,0.0
diag_3_598,5.8411307482684734e-05
diag_3_599,0.001361051350006635
diag_3_600,0.00035899626630554716
diag_3_601,0.0
diag_3_602,0.0
diag_3_603,0.0
diag_3_604,3.0778771930101776e-08
diag_3_605,0.0
diag_3_607,0.0
diag_3_608,4.312044837315138e-07
diag_3_610,0.0
diag_3_611,0.0
diag_3_614,3.754776878810843e-05
diag_3_616,2.7717385668843713e-05
diag_3_617,1.7801757114013354e-05
diag_3_618,5.986217046800779e-06
diag_3_619,0.0
diag_3_620,3.8378078947586315e-06
diag_3_621,4.682346929663463e-07
diag_3_622,0.0
diag_3_623,0.0
diag_3_624,0.0
diag_3_625,0.0002774648362576413
diag_3_626,1.0633249170132033e-05
diag_3_627,2.757960459297361e-19
diag_3_641,0.0
diag_3_642,8.543729571835997e-05
diag_3_643,0.0
diag_3_644,2.350372894076258e-07
diag_3_646,5.571550240404813e-16
diag_3_647,2.223515265597859e-06
diag_3_648,9.572109809295372e-05
diag_3_649,0.0
diag_3_652,0.0
diag_3_653,0.0
diag_3_654,0.0
diag_3_655,0.0
diag_3_656,0.0
diag_3_657,0.0
diag_3_658,0.0
diag_3_659,3.7275572684579133e-06
diag_3_66,0.0
diag_3_660,2.4976075460646922e-20
diag_3_661,0.0
diag_3_663,0.0
diag_3_664,3.779855858173419e-20
diag_3_665,0.0
diag_3_669,0.0
diag_3_670,0.0
diag_3_671,0.0
diag_3_674,0.0
diag_3_680,0.0
diag_3_681,1.9128725580767477e-05
diag_3_682,0.000112638755575388
diag_3_684,0.0
diag_3_685,0.0
diag_3_686,0.0
diag_3_690,0.0
diag_3_692,0.0
diag_3_693,0.0
diag_3_694,0.0
diag_3_695,0.0
diag_3_696,2.824522184763558e-06
diag_3_697,0.0
diag_3_698,0.0
diag_3_7,0.0
diag_3_70,9.444016547682647e-06
diag_3_701,0.0
diag_3_702,0.0
diag_3_703,0.0
diag_3_704,0.0
diag_3_705,6.207654983575682e-07
diag_3_706,0.0
diag_3_707,0.001261684353971908
diag_3_708,0.0
diag_3_709,0.0
diag_3_710,1.5336666141797766e-06
diag_3_711,2.476582064136175e-06
diag_3_712,0.0
diag_3_713,7.674016384376127e-06
diag_3_714,3.96731298301209e-06
diag_3_715,2.2113489763584373e-05
diag_3_716,3.5612175113706166e-05
diag_3_717,0.0
diag_3_718,0.0
diag_3_719,1.0939965074890927e-05
diag_3_720,0.0
diag_3_721,2.1968645901368798e-05
diag_3_722,2.1743460837019632e-05
diag_3_723,0.0
diag_3_724,8.89428042437794e-05
diag_3_725,0.0
diag_3_726,1.5565058078048895e-06
diag_3_727,2.880891360939802e-10
diag_3_728,1.2397660549453157e-05
diag_3_729,4.063272298068712e-05
diag_3_730,0.00013142911931171046
diag_3_731,6.497993583861885e-05
diag_3_732,0.0
diag_3_733,1.4487794771152216e-05
diag_3_734,0.0
diag_3_735,0.0
diag_3_736,1.859000675887557e-05
diag_3_737,0.0
diag_3_738,0.0
diag_3_741,0.0
diag_3_742,0.0
diag_3_744,0.0
diag_3_745,1.8943220379216553e-06
diag_3_746,1.5367574184660832e-06
diag_3_747,2.5224490668047224e-15
diag_3_75,0.0
diag_3_750,0.0
diag_3_751,0.0
diag_3_752,0.0
diag_3_753,3.922934877439074e-05
diag_3_754,0.0
diag_3_755,0.0
diag_3_756,0.0
diag_3_757,0.0
diag_3_758,2.8534625336795544e-06
diag_3_759,0.0
diag_3_78,0.0
diag_3_780,0.000294164042947688
diag_3_781,7.060498390678523e-05
diag_3_782,0.00010070973905554472
diag_3_783,2.964438553041307e-05
diag_3_784,0.00012276322465448966
diag_3_785,0.00016596976167384864
diag_3_786,0.00013854840548732552
diag_3_787,0.00017905091041072027
diag_3_788,9.937468068435669e-05
diag_3_789,6.898645249882886e-05
diag_3_79,0.0
diag_3_790,4.926334537801321e-06
diag_3_791,2.1076375243948115e-06
diag_3_792,0.0
diag_3_793,0.0
diag_3_794,7.632179189393133e-05
diag_3_795,0.0
diag_3_796,0.0
diag_3_797,0.0
diag_3_799,3.225175967420728e-05
diag_3_8,5.5368924963227345e-05
diag_3_800,0.0
diag_3_801,0.0
diag_3_802,0.0
diag_3_805,0.0
diag_3_807,1.6532871333138877e-06
diag_3_808,0.0
diag_3_810,0.0
diag_3_811,0.0
diag_3_812,2.205777118665407e-06
diag_3_813,0.0
diag_3_814,0.0
diag_3_815,0.0
diag_3_816,0.0
diag_3_820,1.8384778226431152e-05
diag_3_821,0.0
diag_3_822,1.6686325683658208e-06
diag_3_823,0.0
diag_3_824,0.0
diag_3_825,0.0
diag_3_826,0.0
diag_3_831,0.0
diag_3_834,0.0
diag_3_836,0.0
diag_3_837,0.0
diag_3_838,0.0
diag_3_840,0.0
diag_3_841,0.0
diag_3_842,0.0
diag_3_844,0.0
diag_3_845,0.0
diag_3_847,0.0
diag_3_848,0.0
diag_3_850,0.0
diag_3_851,0.0
diag_3_852,3.1882143645545646e-06
diag_3_853,0.0
diag_3_854,0.0
diag_3_860,6.3277872195756175e-06
diag_3_861,0.0
diag_3_862,0.0
diag_3_863,0.0
diag_3_864,0.0
diag_3_865,0.0
diag_3_866,0.0
diag_3_867,0.0
diag_3_868,0.0
diag_3_870,0.0
diag_3_871,0.0
diag_3_872,0.0
diag_3_873,0.0
diag_3_875,0.0
diag_3_876,0.0
diag_3_877,0.0
diag_3_879,0.0
diag_3_88,0.0
diag_3_880,0.0
diag_3_881,0.0
diag_3_882,0.0
diag_3_883,0.0
diag_3_884,0.0
diag_3_890,0.0
diag_3_891,0.0
diag_3_892,1.3677089178007404e-05
diag_3_893,0.0
diag_3_9,0.0
diag_3_905,1.1347794188342213e-05
diag_3_906,0.0
diag_3_907,0.0
diag_3_908,0.0
diag_3_909,0.0
diag_3_910,0.0
diag_3_911,0.0
diag_3_912,0.0
diag_3_913,0.0
diag_3_915,0.0
diag_3_916,0.0
diag_3_917,8.821075776349163e-06
diag_3_918,0.0
diag_3_919,0.0
diag_3_920,0.0
diag_3_921,0.0
diag_3_922,0.0
diag_3_923,0.0
diag_3_924,4.980012152758572e-05
diag_3_928,0.0
diag_3_930,0.0
diag_3_933,0.0
diag_3_934,0.0
diag_3_935,0.0
diag_3_94,0.0
diag_3_943,0.0
diag_3_944,0.0
diag_3_945,2.439270439681496e-06
diag_3_948,0.0
diag_3_951,0.0
diag_3_952,0.0
diag_3_953,0.0
diag_3_955,0.0
diag_3_956,0.0
diag_3_958,3.396857501392742e-06
diag_3_959,0.0
diag_3_962,0.0
diag_3_965,0.0
diag_3_966,0.0
diag_3_967,2.7070595186954134e-06
diag_3_969,0.0
diag_3_970,0.0
diag_3_971,0.0
diag_3_972,0.0
diag_3_980,0.0
diag_3_987,0.0
diag_3_989,0.0
diag_3_991,0.0
diag_3_992,0.0
diag_3_995,0.0
diag_3_996,4.678034129002697e-05
diag_3_997,8.261344468301939e-05
diag_3_998,9.781613435139766e-05
diag_3_999,1.1070430065851423e-06
diag_3_E812,0.0
diag_3_E813,0.0
diag_3_E815,0.0
diag_3_E816,0.0
diag_3_E817,0.0
diag_3_E818,4.607973277792223e-06
diag_3_E819,0.0
diag_3_E822,0.0
diag_3_E825,0.0
diag_3_E826,0.0
diag_3_E828,0.0
diag_3_E849,5.479892208927814e-05
diag_3_E850,0.0
diag_3_E852,0.0
diag_3_E853,0.0
diag_3_E854,0.0
diag_3_E855,0.0
diag_3_E858,0.0
diag_3_E861,0.0
diag_3_E864,0.0
diag_3_E865,0.0
diag_3_E870,0.0
diag_3_E876,0.0
diag_3_E878,0.0001392938822869027
diag_3_E879,5.258190957054756e-05
diag_3_E880,0.0
diag_3_E881,0.0
diag_3_E882,0.0
diag_3_E883,0.0
diag_3_E884,0.0
diag_3_E885,0.0
diag_3_E886,0.0
diag_3_E887,0.0
diag_3_E888,0.0
diag_3_E892,0.0
diag_3_E894,0.0
diag_3_E900,0.0
diag_3_E901,0.0
diag_3_E904,0.0
diag_3_E905,0.0
diag_3_E906,0.0
diag_3_E912,0.0
diag_3_E915,0.0
diag_3_E916,0.0
diag_3_E917,0.0
diag_3_E919,0.0
diag_3_E920,0.0
diag_3_E922,0.0
diag_3_E924,0.0
diag_3_E927,5.572032548197647e-05
diag_3_E928,3.3218629794011107e-06
diag_3_E929,0.0
diag_3_E930,0.0
diag_3_E931,0.0
diag_3_E932,0.0
diag_3_E933,0.0
diag_3_E934,0.0
diag_3_E935,5.933593992779714e-05
diag_3_E936,2.737433695163121e-06
diag_3_E937,0.0
diag_3_E938,1.593332780232431e-06
diag_3_E939,0.0
diag_3_E941,0.0
diag_3_E942,0.0
diag_3_E943,0.0
diag_3_E944,0.0
diag_3_E945,0.0
diag_3_E946,0.0
diag_3_E947,3.872884875035509e-05
diag_3_E949,0.0
diag_3_E950,0.0
diag_3_E956,0.0
diag_3_E965,0.0
diag_3_E966,0.0
diag_3_E980,0.0
diag_3_E987,0.0
diag_3_V01,0.0
diag_3_V02,3.344953029328244e-07
diag_3_V03,0.0
diag_3_V06,0.0
diag_3_V07,0.0
diag_3_V08,3.4572712610100697e-06
diag_3_V09,7.790379256230977e-06
diag_3_V10,0.0003021527646091597
diag_3_V11,0.0
diag_3_V12,1.2560862997945306e-05
diag_3_V13,0.0
diag_3_V14,4.196798059916115e-06
diag_3_V15,0.00018218974830979596
diag_3_V16,0.0
diag_3_V17,3.339882696913659e-06
diag_3_V18,0.0
diag_3_V22,0.0
diag_3_V23,0.0
diag_3_V25,0.0
diag_3_V27,3.4914458004720407e-06
diag_3_V42,8.354912948868214e-05
diag_3_V43,8.497796310664353e-05
diag_3_V44,0.0
diag_3_V45,0.00021492151991376427
diag_3_V46,0.0
diag_3_V49,4.085509023409972e-05
diag_3_V53,0.0
diag_3_V54,2.773193474651997e-05
diag_3_V55,0.0
diag_3_V57,0.0
diag_3_V58,0.00017548208886909624
diag_3_V60,0.0
diag_3_V61,0.0
diag_3_V62,0.0
diag_3_V63,0.0
diag_3_V64,2.841468958168357e-18
diag_3_V65,4.295291032338561e-06
diag_3_V66,3.897976353741337e-20
diag_3_V70,9.66965721669946e-07
diag_3_V72,0.0
diag_3_V85,0.0
diag_3_V86,0.0
