{
  "timestamp": "2024-11-17T07:09:00.941952+00:00",
  "stage": "ingest",
  "dataset": {
    "id": 296,
    "name": "Diabetes 130-US Hospitals for Years 1999-2008",
    "source": "ucimlrepo"
  },
  "quality_metrics": {
    "total_rows": 101766,
    "total_columns": 48,
    "missing_values_per_column": {
      "race": 2273,
      "gender": 0,
      "age": 0,
      "weight": 98569,
      "admission_type_id": 0,
      "discharge_disposition_id": 0,
      "admission_source_id": 0,
      "time_in_hospital": 0,
      "payer_code": 40256,
      "medical_specialty": 49949,
      "num_lab_procedures": 0,
      "num_procedures": 0,
      "num_medications": 0,
      "number_outpatient": 0,
      "number_emergency": 0,
      "number_inpatient": 0,
      "diag_1": 21,
      "diag_2": 358,
      "diag_3": 1423,
      "number_diagnoses": 0,
      "max_glu_serum": 96420,
      "A1Cresult": 84748,
      "metformin": 0,
      "repaglinide": 0,
      "nateglinide": 0,
      "chlorpropamide": 0,
      "glimepiride": 0,
      "acetohexamide": 0,
      "glipizide": 0,
      "glyburide": 0,
      "tolbutamide": 0,
      "pioglitazone": 0,
      "rosiglitazone": 0,
      "acarbose": 0,
      "miglitol": 0,
      "troglitazone": 0,
      "tolazamide": 0,
      "examide": 0,
      "citoglipton": 0,
      "insulin": 0,
      "glyburide-metformin": 0,
      "glipizide-metformin": 0,
      "glimepiride-pioglitazone": 0,
      "metformin-rosiglitazone": 0,
      "metformin-pioglitazone": 0,
      "change": 0,
      "diabetesMed": 0,
      "readmitted": 0
    },
    "dtypes": {
      "race": "object",
      "gender": "object",
      "age": "object",
      "weight": "object",
      "admission_type_id": "int64",
      "discharge_disposition_id": "int64",
      "admission_source_id": "int64",
      "time_in_hospital": "int64",
      "payer_code": "object",
      "medical_specialty": "object",
      "num_lab_procedures": "int64",
      "num_procedures": "int64",
      "num_medications": "int64",
      "number_outpatient": "int64",
      "number_emergency": "int64",
      "number_inpatient": "int64",
      "diag_1": "object",
      "diag_2": "object",
      "diag_3": "object",
      "number_diagnoses": "int64",
      "max_glu_serum": "object",
      "A1Cresult": "object",
      "metformin": "object",
      "repaglinide": "object",
      "nateglinide": "object",
      "chlorpropamide": "object",
      "glimepiride": "object",
      "acetohexamide": "object",
      "glipizide": "object",
      "glyburide": "object",
      "tolbutamide": "object",
      "pioglitazone": "object",
      "rosiglitazone": "object",
      "acarbose": "object",
      "miglitol": "object",
      "troglitazone": "object",
      "tolazamide": "object",
      "examide": "object",
      "citoglipton": "object",
      "insulin": "object",
      "glyburide-metformin": "object",
      "glipizide-metformin": "object",
      "glimepiride-pioglitazone": "object",
      "metformin-rosiglitazone": "object",
      "metformin-pioglitazone": "object",
      "change": "object",
      "diabetesMed": "object",
      "readmitted": "object"
    },
    "memory_usage_mb": 213.88120651245117,
    "unique_values_per_column": {
      "race": 5,
      "gender": 3,
      "age": 10,
      "weight": 9,
      "admission_type_id": 8,
      "discharge_disposition_id": 26,
      "admission_source_id": 17,
      "time_in_hospital": 14,
      "payer_code": 17,
      "medical_specialty": 72,
      "num_lab_procedures": 118,
      "num_procedures": 7,
      "num_medications": 75,
      "number_outpatient": 39,
      "number_emergency": 33,
      "number_inpatient": 21,
      "diag_1": 716,
      "diag_2": 748,
      "diag_3": 789,
      "number_diagnoses": 16,
      "max_glu_serum": 3,
      "A1Cresult": 3,
      "metformin": 4,
      "repaglinide": 4,
      "nateglinide": 4,
      "chlorpropamide": 4,
      "glimepiride": 4,
      "acetohexamide": 2,
      "glipizide": 4,
      "glyburide": 4,
      "tolbutamide": 2,
      "pioglitazone": 4,
      "rosiglitazone": 4,
      "acarbose": 4,
      "miglitol": 4,
      "troglitazone": 2,
      "tolazamide": 3,
      "examide": 1,
      "citoglipton": 1,
      "insulin": 4,
      "glyburide-metformin": 4,
      "glipizide-metformin": 2,
      "glimepiride-pioglitazone": 2,
      "metformin-rosiglitazone": 2,
      "metformin-pioglitazone": 2,
      "change": 2,
      "diabetesMed": 2,
      "readmitted": 3
    }
  },
  "files_created": [
    "data.parquet",
    "data.csv",
    "metadata.json",
    "variables.json",
    "missing_values.png",
    "data_types.png"
  ]
}