{
    "annotations": {
        "list": []
    },
    "editable": true,
    "fiscalYearStartMonth": 0,
    "graphTooltip": 0,
    "links": [],
    "liveNow": false,
    "panels": [
        {
            "datasource": {
                "type": "prometheus",
                "uid": "prometheus"
            },
            "fieldConfig": {
                "defaults": {
                    "color": {
                        "mode": "palette-classic"
                    },
                    "mappings": [],
                    "thresholds": {
                        "mode": "absolute",
                        "steps": [
                            {
                                "color": "green",
                                "value": null
                            },
                            {
                                "color": "red",
                                "value": 80
                            }
                        ]
                    }
                },
                "overrides": []
            },
            "gridPos": {
                "h": 8,
                "w": 12,
                "x": 0,
                "y": 0
            },
            "id": 1,
            "options": {
                "orientation": "auto",
                "reduceOptions": {
                    "calcs": [
                        "lastNotNull"
                    ],
                    "fields": "",
                    "values": false
                },
                "showThresholdLabels": false,
                "showThresholdMarkers": true
            },
            "pluginVersion": "10.0.3",
            "targets": [
                {
                    "datasource": {
                        "type": "prometheus",
                        "uid": "prometheus"
                    },
                    "expr": "model_prediction_accuracy",
                    "refId": "A"
                }
            ],
            "title": "Model Accuracy",
            "type": "gauge"
        },
        {
            "datasource": {
                "type": "prometheus",
                "uid": "prometheus"
            },
            "fieldConfig": {
                "defaults": {
                    "color": {
                        "mode": "palette-classic"
                    },
                    "custom": {
                        "axisCenteredZero": false,
                        "axisColorMode": "text",
                        "axisLabel": "",
                        "axisPlacement": "auto",
                        "barAlignment": 0,
                        "drawStyle": "line",
                        "fillOpacity": 10,
                        "gradientMode": "none",
                        "hideFrom": {
                            "legend": false,
                            "tooltip": false,
                            "viz": false
                        },
                        "lineInterpolation": "linear",
                        "lineWidth": 1,
                        "pointSize": 5,
                        "scaleDistribution": {
                            "type": "linear"
                        },
                        "showPoints": "never",
                        "spanNulls": true,
                        "stacking": {
                            "group": "A",
                            "mode": "none"
                        },
                        "thresholdsStyle": {
                            "mode": "off"
                        }
                    },
                    "mappings": [],
                    "thresholds": {
                        "mode": "absolute",
                        "steps": [
                            {
                                "color": "green",
                                "value": null
                            }
                        ]
                    },
                    "unit": "ms"
                },
                "overrides": []
            },
            "gridPos": {
                "h": 8,
                "w": 12,
                "x": 12,
                "y": 0
            },
            "id": 2,
            "options": {
                "legend": {
                    "calcs": [],
                    "displayMode": "list",
                    "placement": "bottom",
                    "showLegend": true
                },
                "tooltip": {
                    "mode": "single",
                    "sort": "none"
                }
            },
            "targets": [
                {
                    "datasource": {
                        "type": "prometheus",
                        "uid": "prometheus"
                    },
                    "expr": "rate(model_prediction_duration_seconds_sum[5m]) / rate(model_prediction_duration_seconds_count[5m])",
                    "refId": "A"
                }
            ],
            "title": "Prediction Latency",
            "type": "timeseries"
        }
    ],
    "refresh": "5s",
    "schemaVersion": 38,
    "style": "dark",
    "tags": [
        "ml",
        "model-performance"
    ],
    "templating": {
        "list": []
    },
    "time": {
        "from": "now-1h",
        "to": "now"
    },
    "timepicker": {},
    "timezone": "",
    "title": "Model Performance Dashboard",
    "version": 1,
    "weekStart": ""
}