{
  "timestamp": "2024-11-17T07:42:01.988985+00:00",
  "stage": "featurize",
  "total_features": 58,
  "feature_groups": {
    "medications": 21,
    "lab_results": 2,
    "diagnoses": 8,
    "interactions": 9,
    "binary": 3,
    "categorical": 7
  },
  "feature_names": [
    "A1Cresult_0",
    "A1Cresult_1",
    "acarbose",
    "admission_source_id_4",
    "admission_source_id_7",
    "admission_source_id_9",
    "admission_type_id_3",
    "admission_type_id_5",
    "AfricanAmerican",
    "age",
    "age|number_diagnoses",
    "Asian",
    "Caucasian",
    "change|num_medications",
    "chlorpropamide",
    "discharge_disposition_id_10",
    "discharge_disposition_id_18",
    "discharge_disposition_id_2",
    "discharge_disposition_id_7",
    "gender_1",
    "glimepiride",
    "glipizide",
    "glyburide-metformin",
    "glyburide",
    "Hispanic",
    "insulin",
    "level1_diag1_1.0",
    "level1_diag1_2.0",
    "level1_diag1_3.0",
    "level1_diag1_4.0",
    "level1_diag1_5.0",
    "level1_diag1_6.0",
    "level1_diag1_7.0",
    "level1_diag1_8.0",
    "max_glu_serum_0",
    "max_glu_serum_1",
    "metformin",
    "nateglinide",
    "num_medications",
    "num_medications|num_lab_procedures",
    "num_medications|num_procedures",
    "num_medications|number_diagnoses",
    "num_medications|numchange",
    "num_medications|time_in_hospital",
    "num_procedures",
    "number_diagnoses",
    "number_diagnoses|time_in_hospital",
    "number_emergency_log1p",
    "number_inpatient_log1p",
    "number_outpatient_log1p",
    "Other",
    "pioglitazone",
    "repaglinide",
    "rosiglitazone",
    "time_in_hospital",
    "time_in_hospital|num_lab_procedures",
    "tolazamide",
    "readmitted"
  ]
}