{
  "timestamp": "2024-11-17T07:42:02.021879+00:00",
  "stage": "featurize",
  "readmission_rate": 0.11473778072703897,
  "total_patients": 96446,
  "readmitted_patients": 11066,
  "feature_stats": {
    "age": {
      "count": 96446.0,
      "mean": 66.12695186943989,
      "std": 15.594334922551619,
      "min": 5.0,
      "25%": 55.0,
      "50%": 65.0,
      "75%": 75.0,
      "max": 95.0
    },
    "num_medications": {
      "count": 96446.0,
      "mean": 15.823787404350622,
      "std": 7.230462790931866,
      "min": 1.0,
      "25%": 11.0,
      "50%": 15.0,
      "75%": 20.0,
      "max": 33.5
    },
    "num_procedures": {
      "count": 96446.0,
      "mean": 1.2935736059556644,
      "std": 1.579706170153704,
      "min": 0.0,
      "25%": 0.0,
      "50%": 1.0,
      "75%": 2.0,
      "max": 5.0
    },
    "time_in_hospital": {
      "count": 96446.0,
      "mean": 4.38304336105178,
      "std": 2.88940427237634,
      "min": 1.0,
      "25%": 2.0,
      "50%": 4.0,
      "75%": 6.0,
      "max": 12.0
    }
  },
  "missing_values": {
    "A1Cresult_0": 0,
    "A1Cresult_1": 0,
    "acarbose": 0,
    "admission_source_id_4": 0,
    "admission_source_id_7": 0,
    "admission_source_id_9": 0,
    "admission_type_id_3": 0,
    "admission_type_id_5": 0,
    "AfricanAmerican": 0,
    "age": 0,
    "age|number_diagnoses": 0,
    "Asian": 0,
    "Caucasian": 0,
    "change|num_medications": 0,
    "chlorpropamide": 0,
    "discharge_disposition_id_10": 0,
    "discharge_disposition_id_18": 0,
    "discharge_disposition_id_2": 0,
    "discharge_disposition_id_7": 0,
    "gender_1": 0,
    "glimepiride": 0,
    "glipizide": 0,
    "glyburide-metformin": 0,
    "glyburide": 0,
    "Hispanic": 0,
    "insulin": 0,
    "level1_diag1_1.0": 0,
    "level1_diag1_2.0": 0,
    "level1_diag1_3.0": 0,
    "level1_diag1_4.0": 0,
    "level1_diag1_5.0": 0,
    "level1_diag1_6.0": 0,
    "level1_diag1_7.0": 0,
    "level1_diag1_8.0": 0,
    "max_glu_serum_0": 0,
    "max_glu_serum_1": 0,
    "metformin": 0,
    "nateglinide": 0,
    "num_medications": 0,
    "num_medications|num_lab_procedures": 0,
    "num_medications|num_procedures": 0,
    "num_medications|number_diagnoses": 0,
    "num_medications|numchange": 0,
    "num_medications|time_in_hospital": 0,
    "num_procedures": 0,
    "number_diagnoses": 0,
    "number_diagnoses|time_in_hospital": 0,
    "number_emergency_log1p": 0,
    "number_inpatient_log1p": 0,
    "number_outpatient_log1p": 0,
    "Other": 0,
    "pioglitazone": 0,
    "repaglinide": 0,
    "rosiglitazone": 0,
    "time_in_hospital": 0,
    "time_in_hospital|num_lab_procedures": 0,
    "tolazamide": 0,
    "readmitted": 0
  }
}